{"type":"FeatureCollection","features":[{"type":"Feature","geometry":{"type":"MultiLineString","coordinates":[[[1.51934,42.53949],[1.51934,42.53953],[1.51933,42.53954],[1.51932,42.53962],[1.51935,42.53982],[1.51953,42.54024],[1.5196,42.54042],[1.51962,42.54048],[1.51964,42.54061],[1.51961,42.54078],[1.51951,42.54098],[1.51942,42.54108],[1.51913,42.54127],[1.51804,42.54173],[1.5179,42.54183],[1.51781,42.5419],[1.51779,42.54193],[1.51763,42.54216],[1.51752,42.5424],[1.51727,42.54284],[1.51718,42.54302],[1.51718,42.54303],[1.51717,42.54304],[1.51716,42.54305],[1.51711,42.5431],[1.51695,42.54338],[1.5168,42.54354],[1.51662,42.54372],[1.51642,42.54388],[1.51619,42.54404],[1.51614,42.54408],[1.5157,42.54448],[1.51547,42.54483],[1.51523,42.5453],[1.51514,42.54543],[1.51504,42.54554],[1.51484,42.54566],[1.51473,42.5457],[1.5146,42.54578],[1.51424,42.54595],[1.51415,42.54603],[1.5141,42.54614],[1.51403,42.54653],[1.51403,42.54654],[1.514,42.54651],[1.51402,42.54651],[1.51403,42.54653],[1.51403,42.54653],[1.51403,42.5466],[1.51407,42.54685],[1.51409,42.5469],[1.51413,42.54691],[1.5143,42.54707],[1.51431,42.5471],[1.51431,42.54713],[1.5138,42.54767],[1.51371,42.54775],[1.51369,42.54777],[1.51365,42.54781],[1.51361,42.54781],[1.51352,42.5478]],[[1.52138,42.50454],[1.51963,42.50377],[1.51942,42.50383],[1.51922,42.5038],[1.5191,42.50397],[1.51863,42.50493],[1.51839,42.50531],[1.51844,42.50539],[1.51918,42.50545],[1.5206,42.50579],[1.52147,42.50616],[1.52161,42.50616],[1.52299,42.50651],[1.5249,42.50695],[1.52616,42.50713],[1.52785,42.50723],[1.52823,42.50735],[1.52916,42.50832],[1.53052,42.50897],[1.53079,42.50875],[1.53169,42.50907],[1.5316,42.50937],[1.53203,42.50957],[1.53339,42.50986],[1.53372,42.50982],[1.5338,42.50982],[1.53385,42.50983],[1.53392,42.50986],[1.53411,42.50984],[1.53431,42.50986],[1.53523,42.50991],[1.53522,42.51059],[1.535,42.51076],[1.53557,42.51115],[1.53589,42.5113],[1.53633,42.51177],[1.53662,42.51206],[1.53672,42.51207],[1.53677,42.51213],[1.53678,42.51221],[1.53663,42.51227],[1.53655,42.51241],[1.53589,42.5127],[1.53601,42.51285],[1.53602,42.51304],[1.53588,42.51322],[1.5358,42.51331],[1.5357,42.51338],[1.53546,42.51343],[1.53426,42.51364],[1.53388,42.51371],[1.53371,42.51376],[1.53334,42.51383],[1.53317,42.51389],[1.53291,42.51397],[1.53259,42.51413],[1.53239,42.51426],[1.5321,42.51454],[1.53184,42.51484],[1.53178,42.5149],[1.53058,42.51588],[1.53058,42.51588],[1.53041,42.516],[1.52994,42.51618],[1.52988,42.51622],[1.52963,42.51637],[1.52933,42.5166],[1.52911,42.51672],[1.5288,42.51679],[1.52853,42.51673],[1.52847,42.51679],[1.52841,42.51681],[1.52836,42.51682],[1.5283,42.51683],[1.52825,42.51682],[1.52821,42.5168],[1.52759,42.5171],[1.52724,42.51727],[1.52649,42.51757],[1.5261,42.51779],[1.52598,42.51788],[1.5257,42.51818],[1.52555,42.51831],[1.52489,42.5188],[1.52425,42.51924],[1.52414,42.51933],[1.52406,42.51945],[1.52403,42.51958],[1.52394,42.52018],[1.52388,42.52027],[1.5237,42.52071],[1.52339,42.52132],[1.52328,42.52146],[1.52312,42.52159],[1.52261,42.5219],[1.52237,42.52206],[1.5222,42.52224],[1.52198,42.52266],[1.52193,42.52285],[1.52189,42.52287],[1.52148,42.52342],[1.52111,42.52397],[1.52097,42.52418],[1.52089,42.5243],[1.5208,42.52444],[1.52076,42.52453],[1.5207,42.525],[1.52065,42.52571],[1.52061,42.52615],[1.52053,42.52641],[1.52045,42.52655],[1.52036,42.52687],[1.52033,42.52695],[1.52031,42.52703],[1.52025,42.5272],[1.52023,42.52743],[1.52026,42.52757],[1.52034,42.52772],[1.52076,42.52828],[1.52083,42.52844],[1.52089,42.52873],[1.52086,42.52907],[1.52081,42.52923],[1.52076,42.5294],[1.52068,42.52952],[1.52061,42.52963],[1.52043,42.52993],[1.52055,42.52995],[1.52066,42.52999],[1.52075,42.53005],[1.52084,42.53012],[1.52087,42.53018],[1.5209,42.53025],[1.52092,42.53034],[1.52091,42.53043],[1.52088,42.53051],[1.52082,42.53059],[1.52074,42.53066],[1.52065,42.53071],[1.52054,42.53075],[1.52042,42.53077],[1.5203,42.53078],[1.52006,42.5307],[1.51998,42.53089],[1.51996,42.53096],[1.51994,42.53101],[1.51985,42.53122],[1.51967,42.53156],[1.51963,42.53167],[1.51957,42.53181],[1.51957,42.53195],[1.51957,42.53203],[1.51977,42.53261],[1.51981,42.53273],[1.51984,42.53275],[1.51986,42.53277],[1.51987,42.5328],[1.51986,42.53282],[1.51986,42.53284],[1.51984,42.53286],[1.51982,42.53287],[1.5198,42.53289],[1.51977,42.53289],[1.51973,42.53296],[1.51971,42.53299],[1.51969,42.53304],[1.51963,42.53329],[1.51949,42.53364],[1.51948,42.53368],[1.51947,42.5338],[1.5195,42.53403],[1.51957,42.53415],[1.51971,42.53432],[1.5204,42.53499],[1.52067,42.53522],[1.52111,42.53556],[1.52126,42.5357],[1.5213,42.53577],[1.52131,42.53582],[1.52129,42.53596],[1.52123,42.53603],[1.52117,42.53609],[1.52082,42.53631],[1.5207,42.53641],[1.52041,42.53682],[1.52022,42.53714],[1.52021,42.53716],[1.5202,42.53718],[1.52013,42.53727],[1.51984,42.53791],[1.51964,42.53845],[1.51954,42.53877],[1.51932,42.53948]]],"crs":null},"properties":{"line":"L7"}},{"type":"Feature","geometry":{"type":"LineString","coordinates":[[1.47895,42.57831],[1.47888,42.57829],[1.47904,42.57829],[1.47915,42.57824],[1.48055,42.57735],[1.48064,42.57729],[1.4807,42.57724],[1.48087,42.57694],[1.48099,42.57665],[1.48129,42.57621],[1.48141,42.57601],[1.48146,42.57588],[1.48146,42.57574],[1.48146,42.57573],[1.48145,42.57563],[1.48136,42.57539],[1.48137,42.57529],[1.48145,42.57513],[1.48151,42.57502],[1.48164,42.57481],[1.48182,42.57456],[1.48232,42.57419],[1.48282,42.57376],[1.48333,42.57338],[1.48353,42.57329],[1.48371,42.57317],[1.48375,42.57298],[1.4838,42.5728],[1.48381,42.57266],[1.48382,42.57243],[1.48388,42.57222],[1.48392,42.57206],[1.48404,42.57198],[1.48416,42.57193],[1.48432,42.57189],[1.48454,42.57179],[1.48513,42.57162],[1.48537,42.57154],[1.48558,42.57146],[1.48603,42.57117],[1.48621,42.57103],[1.48623,42.57101],[1.48624,42.57098],[1.48624,42.57092],[1.4863,42.57089],[1.48636,42.57088],[1.48641,42.57081],[1.48659,42.57069],[1.48683,42.57056],[1.48713,42.57038],[1.48729,42.57023],[1.48736,42.57017],[1.48746,42.57005],[1.4878,42.56969],[1.48783,42.56965],[1.48789,42.56959],[1.48804,42.56942],[1.48806,42.5694],[1.48813,42.56932],[1.48817,42.56928],[1.48826,42.56918],[1.48847,42.56894],[1.48873,42.56851],[1.48887,42.56805],[1.48891,42.56799],[1.48896,42.56791],[1.4891,42.56775],[1.48965,42.56722],[1.48977,42.56711],[1.49002,42.56682],[1.49017,42.56656],[1.4905,42.5662],[1.49056,42.56614],[1.4908,42.56591],[1.49081,42.56582],[1.49096,42.56573],[1.49149,42.56521],[1.49163,42.56506],[1.49176,42.56495],[1.49183,42.56489],[1.49193,42.56479],[1.49246,42.56413],[1.49262,42.564],[1.49277,42.56391],[1.49281,42.56389],[1.49286,42.56386],[1.49291,42.56384],[1.49343,42.56368],[1.4943,42.56345],[1.49447,42.56335],[1.49483,42.56308],[1.49511,42.56283],[1.49555,42.56224],[1.49558,42.56222],[1.49571,42.56209],[1.49582,42.56202],[1.49594,42.56195],[1.49622,42.56177],[1.49631,42.56171],[1.4964,42.56158],[1.49643,42.56148],[1.49644,42.56146],[1.49646,42.56143],[1.49652,42.56139],[1.49659,42.56138],[1.49663,42.56139],[1.49666,42.5614],[1.49669,42.56142],[1.49678,42.56145],[1.49689,42.56148],[1.49699,42.56148],[1.497,42.56156],[1.49698,42.56148],[1.49737,42.56146],[1.49791,42.56147],[1.49931,42.56169],[1.5,42.56174],[1.50041,42.56168],[1.50062,42.56161],[1.50092,42.56147],[1.50112,42.56141],[1.50133,42.56137],[1.50182,42.56138],[1.50198,42.56134],[1.50217,42.56124],[1.50228,42.5611],[1.50235,42.56084],[1.50247,42.56068],[1.50314,42.56012],[1.50379,42.55941],[1.50456,42.55882],[1.50475,42.55863],[1.50479,42.55848],[1.50478,42.55789],[1.50478,42.55786],[1.50478,42.5576],[1.50481,42.55743],[1.50494,42.5572],[1.50511,42.55695],[1.50523,42.55681],[1.50561,42.55647],[1.50578,42.55628],[1.50612,42.55574],[1.50651,42.55523],[1.50656,42.5551],[1.50657,42.55471],[1.50668,42.55414],[1.50667,42.55405],[1.50677,42.55401],[1.50677,42.55401],[1.50692,42.55382],[1.50821,42.5526],[1.50834,42.55248],[1.50853,42.55232],[1.50909,42.55186],[1.50918,42.55179],[1.50947,42.5516],[1.51059,42.55083],[1.51081,42.55065],[1.51117,42.55036],[1.51127,42.55028],[1.51153,42.54999],[1.51153,42.54998],[1.51153,42.54997],[1.51157,42.54994],[1.51158,42.54993],[1.51174,42.54976],[1.51194,42.54955],[1.51214,42.54938],[1.51234,42.54919],[1.51281,42.5487],[1.51301,42.54848],[1.51331,42.54805],[1.51333,42.54804],[1.51337,42.5479],[1.51338,42.54774],[1.51338,42.5477],[1.51336,42.54761],[1.51336,42.54753],[1.51342,42.54736],[1.51345,42.54731],[1.5137,42.54693],[1.51373,42.54691],[1.51387,42.54669],[1.51387,42.54669],[1.51387,42.54669],[1.51392,42.54662],[1.51396,42.54653],[1.51399,42.54645],[1.514,42.54642],[1.51405,42.54612],[1.51412,42.54601],[1.5142,42.54594],[1.51455,42.54577],[1.51468,42.54569],[1.51474,42.54567],[1.5148,42.54564],[1.51499,42.54552],[1.51509,42.54542],[1.51512,42.54537],[1.51519,42.54529],[1.51529,42.54509],[1.51524,42.54508],[1.51529,42.54509],[1.51537,42.54494],[1.51543,42.54482],[1.51552,42.54466],[1.51565,42.54446],[1.51606,42.54409],[1.51614,42.54403],[1.51617,42.54398],[1.51637,42.54377],[1.51642,42.54375],[1.51661,42.54359],[1.51685,42.54336],[1.51699,42.54305],[1.51701,42.543],[1.51701,42.543],[1.51702,42.54299],[1.51702,42.54298],[1.51703,42.54297],[1.51712,42.54287],[1.5174,42.54236],[1.51745,42.54229],[1.51752,42.54213],[1.51761,42.54195],[1.51769,42.54185],[1.51777,42.54177],[1.51784,42.54172],[1.51796,42.54166],[1.51903,42.5412],[1.51915,42.54113],[1.51929,42.54103],[1.51937,42.54095],[1.51946,42.54077],[1.51949,42.54067],[1.51948,42.54047],[1.5194,42.54023],[1.51928,42.53995],[1.51928,42.53995],[1.51928,42.53995],[1.5192,42.53976],[1.51919,42.53963],[1.51917,42.53952],[1.51916,42.53951],[1.51917,42.53949],[1.51917,42.53948],[1.51917,42.53947],[1.51921,42.53937],[1.51963,42.53809],[1.51981,42.53768],[1.52,42.53725],[1.52003,42.53714],[1.52003,42.53712],[1.52004,42.53709],[1.52005,42.53708],[1.52015,42.53692],[1.52035,42.53662],[1.52061,42.53631],[1.521,42.53605],[1.52108,42.53597],[1.52113,42.53587],[1.52113,42.53577],[1.52107,42.53567],[1.52101,42.53561],[1.52045,42.53517],[1.5201,42.53484],[1.51969,42.53443],[1.51951,42.53424],[1.51941,42.53409],[1.51937,42.534],[1.51934,42.53391],[1.51933,42.53386],[1.51932,42.5338],[1.51933,42.53371],[1.51934,42.53365],[1.51948,42.53327],[1.51947,42.53327],[1.51948,42.53327],[1.51949,42.53326],[1.51961,42.53288],[1.51958,42.53282],[1.51957,42.53279],[1.51958,42.53276],[1.51962,42.53265],[1.51962,42.53246],[1.51949,42.53207],[1.51947,42.53202],[1.51946,42.53194],[1.51948,42.53173],[1.51951,42.53165],[1.51952,42.53163],[1.51956,42.53152],[1.51966,42.53138],[1.51968,42.53136],[1.5198,42.53112],[1.51991,42.53083],[1.51996,42.53065],[1.51977,42.53052],[1.51973,42.53043],[1.51972,42.53035],[1.51973,42.53026],[1.51976,42.53017],[1.51982,42.5301],[1.51994,42.53],[1.51997,42.52999],[1.52021,42.52997],[1.52031,42.52976],[1.52033,42.52968],[1.52041,42.52959],[1.52051,42.52944],[1.52062,42.52922],[1.52066,42.52905],[1.52067,42.52889],[1.52063,42.52859],[1.52037,42.52808],[1.5201,42.52772],[1.51991,42.52734],[1.51995,42.52715],[1.52001,42.52703],[1.52009,42.52691],[1.52028,42.52667],[1.52033,42.52662],[1.52041,42.52654],[1.52048,42.52639],[1.52057,42.52614],[1.52056,42.52568],[1.52057,42.52506],[1.52066,42.52452],[1.52081,42.52425],[1.52093,42.52413],[1.52111,42.52391],[1.52153,42.52335],[1.52161,42.52324],[1.52177,42.52285],[1.52187,42.52263],[1.52196,42.5224],[1.52213,42.52215],[1.52234,42.52195],[1.52283,42.52165],[1.523,42.52154],[1.52311,42.52141],[1.52316,42.52135],[1.52327,42.5212],[1.52363,42.52038],[1.52372,42.51992],[1.52377,42.51966],[1.5238,42.51942],[1.52414,42.51914],[1.52545,42.51824],[1.52586,42.51785],[1.52614,42.51765],[1.52632,42.51756],[1.5271,42.51724],[1.52768,42.517],[1.52815,42.51677],[1.5281,42.51667],[1.52815,42.5166],[1.52817,42.51657],[1.52826,42.51653],[1.52838,42.51654],[1.52846,42.51659],[1.52848,42.51666],[1.52848,42.5167],[1.52858,42.51672],[1.52879,42.51675],[1.52889,42.51674],[1.52909,42.51667],[1.52916,42.51663],[1.52925,42.51658],[1.52959,42.51637],[1.52983,42.5162],[1.5299,42.51616],[1.53001,42.51612],[1.53037,42.51599],[1.53059,42.51582],[1.53116,42.51535],[1.53132,42.51523],[1.53155,42.51504],[1.5316,42.515],[1.53174,42.51489],[1.53205,42.51452],[1.53234,42.51424],[1.53251,42.5141],[1.53284,42.51394],[1.53304,42.51385],[1.53328,42.5138],[1.53363,42.51372],[1.53402,42.51364],[1.53421,42.51327],[1.53476,42.51299],[1.53503,42.51282],[1.53527,42.51273],[1.5355,42.51273],[1.53563,42.51271],[1.53574,42.51271],[1.53581,42.5127],[1.53596,42.51263],[1.53633,42.51251],[1.53652,42.51237],[1.53661,42.51223],[1.53656,42.51219],[1.53655,42.51214],[1.53655,42.5121],[1.53664,42.51207],[1.53681,42.51208],[1.53782,42.5117],[1.53848,42.51145],[1.53795,42.5107],[1.53792,42.51009],[1.53526,42.50991],[1.53402,42.50985],[1.53394,42.51004],[1.53385,42.51013],[1.53367,42.51014],[1.53354,42.51011],[1.53352,42.50992],[1.5336,42.50981],[1.5338,42.5098],[1.53397,42.50937],[1.53412,42.50815],[1.53409,42.50806],[1.5335,42.50766],[1.53295,42.50729],[1.53222,42.50682],[1.53206,42.50683],[1.53202,42.50674],[1.53216,42.5067],[1.53243,42.50623],[1.53194,42.50611],[1.53174,42.50615],[1.53161,42.50605],[1.53012,42.50573],[1.52813,42.50533],[1.52772,42.50534],[1.52749,42.50546],[1.52732,42.50535],[1.52277,42.50473],[1.52238,42.50471],[1.52225,42.50479],[1.52202,42.50479],[1.52188,42.50463],[1.52142,42.50452]],"crs":null},"properties":{"line":"L5"}},{"type":"Feature","geometry":{"type":"MultiLineString","coordinates":[[[1.53304,42.55562],[1.53303,42.55557],[1.53295,42.55555],[1.53285,42.55557],[1.53282,42.55562],[1.53273,42.55563],[1.53258,42.55565],[1.53238,42.55567],[1.53226,42.55568],[1.53207,42.5557],[1.53166,42.55572],[1.53137,42.55567],[1.53115,42.5556],[1.5308,42.55545],[1.52984,42.55501],[1.52936,42.55471],[1.52914,42.55449],[1.52874,42.55389],[1.52871,42.55385],[1.52874,42.55374],[1.52874,42.55372],[1.52874,42.55369],[1.52873,42.55368],[1.52872,42.55366],[1.5287,42.55365],[1.52868,42.55364],[1.52866,42.55364],[1.52863,42.55364],[1.52852,42.55359],[1.52841,42.55347],[1.52827,42.55332],[1.52824,42.55328]],[[1.53304,42.55562],[1.53304,42.55568],[1.53299,42.5557],[1.533,42.55578],[1.53296,42.55585],[1.53269,42.55625],[1.53265,42.55668],[1.53271,42.55674],[1.53269,42.55682],[1.53262,42.55683],[1.53258,42.55727],[1.53256,42.55763],[1.53264,42.55812],[1.5326,42.55847],[1.53243,42.55879],[1.53143,42.56],[1.53111,42.56079],[1.53062,42.56113],[1.52983,42.56158],[1.52914,42.56257],[1.52769,42.56316],[1.52759,42.5633],[1.52742,42.56327],[1.52635,42.56369],[1.52599,42.56387],[1.52457,42.56506],[1.52378,42.56633],[1.52334,42.56742],[1.52287,42.56774],[1.52207,42.56818],[1.52145,42.56883],[1.5212,42.5694],[1.52105,42.57075],[1.52071,42.57132],[1.51914,42.57257],[1.51859,42.57358]],[[1.51573,42.54664],[1.51572,42.54664]],[[1.52138,42.50446],[1.52121,42.50441],[1.51973,42.50379],[1.5196,42.50374],[1.51953,42.50378],[1.51947,42.50381],[1.51933,42.50381],[1.51927,42.50379],[1.51912,42.50371],[1.51914,42.5036],[1.51934,42.50347],[1.51947,42.50345],[1.51963,42.50354],[1.51968,42.50369],[1.52034,42.50394],[1.52123,42.50436],[1.52198,42.50454],[1.52214,42.50449],[1.5223,42.50454],[1.52237,42.50463],[1.52307,42.50466],[1.526,42.50507],[1.52735,42.50526],[1.52751,42.5052],[1.52763,42.50528],[1.52812,42.50527],[1.5299,42.5056],[1.53109,42.50583],[1.53171,42.50596],[1.53185,42.50592],[1.53195,42.50606],[1.53182,42.50616],[1.5317,42.50614],[1.5315,42.50643],[1.53147,42.50647],[1.53161,42.50653],[1.53201,42.50669],[1.53217,42.5067],[1.53247,42.50613],[1.53413,42.50644],[1.53433,42.50639],[1.5345,42.50653],[1.53663,42.50698],[1.53675,42.50695],[1.53684,42.50698],[1.53691,42.50705],[1.53764,42.50718],[1.53824,42.50726],[1.54008,42.50763],[1.54095,42.50774],[1.54129,42.5078],[1.54218,42.50801],[1.54342,42.50821],[1.54363,42.50829],[1.54419,42.5085],[1.54458,42.50854],[1.54483,42.50854],[1.54501,42.50851],[1.54618,42.50817],[1.54658,42.50813],[1.54694,42.50819],[1.54717,42.50826],[1.54736,42.50836],[1.54759,42.50857],[1.5477,42.50877],[1.54778,42.50896],[1.548,42.50959],[1.54816,42.50991],[1.54821,42.50994],[1.54831,42.50993],[1.54838,42.50997],[1.54839,42.51004],[1.54831,42.5101],[1.5485,42.51067],[1.54871,42.51109],[1.54882,42.5112],[1.54897,42.51128],[1.54932,42.51142],[1.54986,42.51177],[1.55018,42.51192],[1.55062,42.51209],[1.55076,42.51219],[1.55085,42.5123],[1.55096,42.51252],[1.55133,42.51289],[1.55148,42.513],[1.55178,42.51316],[1.55218,42.51326],[1.55249,42.51339],[1.55297,42.51376],[1.5536,42.51466],[1.55423,42.51566],[1.55428,42.51601],[1.55395,42.51668],[1.55401,42.51693],[1.55475,42.51768],[1.55518,42.5178],[1.55542,42.5177],[1.55567,42.51778],[1.55573,42.51801],[1.55566,42.51816],[1.55546,42.51823],[1.55522,42.51819],[1.55368,42.51917],[1.54955,42.52108],[1.54682,42.522],[1.54387,42.52274],[1.54052,42.5235],[1.53573,42.52432],[1.53113,42.52565],[1.52901,42.52637],[1.52496,42.52785],[1.52117,42.52999],[1.52096,42.53013],[1.52089,42.53029],[1.52086,42.53048],[1.52078,42.53058],[1.52071,42.53066],[1.52061,42.53071],[1.52046,42.53074],[1.52016,42.53074],[1.52003,42.53077],[1.51993,42.53087],[1.51991,42.53094],[1.5199,42.53099],[1.5198,42.53121],[1.51963,42.53154],[1.51959,42.53166],[1.51955,42.53183],[1.51957,42.53199],[1.51978,42.53249],[1.51982,42.53263],[1.51987,42.53267],[1.5199,42.53272],[1.5199,42.53279],[1.51986,42.53283],[1.51982,42.53284],[1.51978,42.53285],[1.51974,42.53295],[1.5197,42.53304],[1.51958,42.53328],[1.51944,42.53363],[1.51943,42.53366],[1.51942,42.53378],[1.51946,42.53401],[1.51953,42.53414],[1.51966,42.5343],[1.52035,42.53497],[1.52063,42.5352],[1.52106,42.53554],[1.52122,42.53569],[1.52125,42.53576],[1.52126,42.5358],[1.52124,42.53595],[1.52118,42.53602],[1.52112,42.53607],[1.52077,42.53629],[1.52065,42.53639],[1.52037,42.53681],[1.52017,42.53713],[1.52016,42.53714],[1.52015,42.53716],[1.52008,42.53726],[1.5198,42.5379],[1.5196,42.53844],[1.51949,42.53876],[1.5193,42.53936],[1.51929,42.53948],[1.5193,42.53949],[1.51929,42.53952],[1.51929,42.53953],[1.51927,42.53961],[1.51931,42.53981],[1.51949,42.54022],[1.51955,42.54041],[1.51957,42.54047],[1.51959,42.5406],[1.51956,42.54077],[1.51946,42.54097],[1.51937,42.54106],[1.51909,42.54125],[1.51799,42.54172],[1.51785,42.54181],[1.51777,42.54189],[1.51774,42.54191],[1.51759,42.54215],[1.51747,42.54238],[1.51723,42.54282],[1.51713,42.543],[1.51713,42.54301],[1.51712,42.54303],[1.51711,42.54304],[1.51706,42.54309],[1.51691,42.54336],[1.51675,42.54353],[1.51657,42.54371],[1.51637,42.54386],[1.51614,42.54403],[1.5161,42.54407],[1.51565,42.54446],[1.51543,42.54482],[1.51519,42.54529],[1.51509,42.54542],[1.51499,42.54552],[1.5148,42.54564],[1.51468,42.54569],[1.51455,42.54577],[1.5142,42.54594],[1.51405,42.54612],[1.51399,42.5465],[1.51399,42.5465],[1.51399,42.54651],[1.51398,42.54658],[1.51403,42.54683],[1.51404,42.54688],[1.51408,42.5469],[1.51426,42.54706],[1.51426,42.54709],[1.51438,42.54714],[1.51445,42.54715],[1.5146,42.54717],[1.51473,42.54714],[1.51498,42.54706],[1.51573,42.54664],[1.51674,42.54608],[1.51698,42.54584],[1.51719,42.54569],[1.51736,42.54565],[1.51733,42.54563],[1.51735,42.54558],[1.51736,42.54556],[1.51742,42.54556],[1.51746,42.54559],[1.51753,42.54557],[1.51791,42.54549],[1.51904,42.54543],[1.51928,42.54547],[1.51932,42.54547],[1.51989,42.5456],[1.52032,42.54576],[1.52036,42.54578],[1.52058,42.54593],[1.52093,42.54622],[1.52122,42.54643],[1.52129,42.54653],[1.52143,42.54696],[1.52158,42.54727],[1.52162,42.54742],[1.52175,42.54778],[1.52196,42.54808],[1.52216,42.54827],[1.52287,42.54887],[1.5231,42.54906],[1.52324,42.54912],[1.52351,42.54921],[1.52409,42.54931],[1.52424,42.54936],[1.52444,42.54943],[1.52489,42.54967],[1.52511,42.54978],[1.52544,42.54994],[1.52582,42.55012],[1.52609,42.55046],[1.52618,42.55068],[1.52629,42.55085],[1.52635,42.55123],[1.52639,42.55132],[1.52649,42.55134],[1.52656,42.55134],[1.52659,42.55136],[1.5266,42.55141],[1.52659,42.55144],[1.52658,42.55146],[1.52655,42.55148],[1.52645,42.55158],[1.52646,42.55165],[1.52649,42.55176],[1.52656,42.55188],[1.52666,42.55198],[1.52748,42.5526],[1.528,42.55303],[1.52824,42.55328]],[[1.51949,42.53876],[1.51951,42.53876]],[[1.5161,42.54407],[1.51608,42.54406]]],"crs":null},"properties":{"line":"L6"}},{"type":"Feature","geometry":{"type":"MultiLineString","coordinates":[[[1.51529,42.54509],[1.51537,42.54494],[1.51543,42.54482],[1.51552,42.54466],[1.51565,42.54446],[1.51606,42.54409],[1.51614,42.54403],[1.51617,42.54398],[1.51637,42.54377],[1.51642,42.54375],[1.51661,42.54359],[1.51685,42.54336],[1.51699,42.54305],[1.51701,42.543],[1.51701,42.543],[1.51702,42.54299],[1.51702,42.54298],[1.51703,42.54297],[1.51712,42.54287],[1.5174,42.54236],[1.51745,42.54229],[1.51752,42.54213],[1.51761,42.54195],[1.51769,42.54185],[1.51777,42.54177],[1.51784,42.54172],[1.51796,42.54166],[1.51903,42.5412],[1.51915,42.54113],[1.51929,42.54103],[1.51937,42.54095],[1.51946,42.54077],[1.51949,42.54067],[1.51948,42.54047],[1.5194,42.54023],[1.51928,42.53995],[1.51928,42.53995]],[[1.51928,42.53995],[1.5192,42.53976],[1.51919,42.53963],[1.51917,42.53952],[1.51916,42.53951],[1.51917,42.53949],[1.51917,42.53948],[1.51917,42.53947],[1.51921,42.53937],[1.51963,42.53809],[1.51981,42.53768],[1.51977,42.53767]],[[1.51981,42.53768],[1.52,42.53725],[1.52003,42.53714],[1.52003,42.53712],[1.52004,42.53709],[1.52005,42.53708],[1.52015,42.53692],[1.52035,42.53662],[1.52061,42.53631],[1.521,42.53605],[1.52108,42.53597],[1.52113,42.53587],[1.52113,42.53577],[1.52107,42.53567],[1.52101,42.53561],[1.52045,42.53517],[1.5201,42.53484],[1.51969,42.53443],[1.51951,42.53424],[1.51941,42.53409],[1.51937,42.534],[1.51934,42.53391],[1.51933,42.53386],[1.51932,42.5338],[1.51933,42.53371],[1.51934,42.53365],[1.51956,42.53322],[1.5197,42.53282],[1.51967,42.53279],[1.51966,42.53272],[1.51969,42.53266],[1.51973,42.53265],[1.5197,42.5325],[1.51965,42.53236],[1.5195,42.53198],[1.51947,42.53186],[1.51948,42.53173],[1.51951,42.53165],[1.51952,42.53163],[1.51956,42.53152],[1.51966,42.53138],[1.51968,42.53136],[1.5198,42.53112],[1.51985,42.53094],[1.51985,42.53089],[1.51987,42.53063],[1.51978,42.53053],[1.51971,42.5304],[1.5197,42.53023],[1.5199,42.52997],[1.52044,42.52987],[1.52078,42.53001],[1.52306,42.52833],[1.52808,42.5263],[1.5355,42.52396],[1.54294,42.52266],[1.54704,42.52157],[1.54972,42.5206],[1.55242,42.51948],[1.55514,42.51809],[1.55413,42.51743],[1.55346,42.51653],[1.55327,42.51581],[1.55265,42.51489],[1.55259,42.51368],[1.55214,42.51337],[1.55191,42.51324],[1.55168,42.51317],[1.5513,42.51291],[1.55096,42.51256],[1.55077,42.5124],[1.55061,42.5123],[1.55052,42.51233],[1.55042,42.51229],[1.55041,42.51221],[1.55051,42.51216],[1.54976,42.51175],[1.54952,42.51159],[1.54926,42.51143],[1.54892,42.5113],[1.54878,42.51122],[1.54867,42.51111],[1.54854,42.51091],[1.54828,42.51013],[1.54816,42.51007],[1.54814,42.51001],[1.54816,42.50997],[1.54804,42.50978],[1.54769,42.50883],[1.5475,42.50856],[1.54731,42.50839],[1.5471,42.50829],[1.54689,42.50822],[1.54675,42.50819],[1.54647,42.50817],[1.54624,42.5082],[1.546,42.50826],[1.545,42.50856],[1.54477,42.50858],[1.54443,42.50858],[1.54402,42.50849],[1.5435,42.50827],[1.5411,42.50781],[1.54012,42.50768],[1.53898,42.50741],[1.53688,42.50709],[1.53678,42.50718],[1.53666,42.50718],[1.53659,42.5071],[1.53659,42.50708],[1.53627,42.50701],[1.53448,42.50663],[1.53424,42.50666],[1.53417,42.50737],[1.53414,42.50804],[1.53396,42.50802],[1.53219,42.50688],[1.53244,42.50625],[1.5317,42.50614],[1.5316,42.50604],[1.52927,42.50554],[1.52804,42.5053],[1.52765,42.50533],[1.52761,42.50542],[1.52746,42.50545],[1.52733,42.50533],[1.52711,42.50528],[1.52648,42.50521],[1.52324,42.50475],[1.52234,42.50466],[1.52229,42.50479],[1.52206,42.50483],[1.52194,42.50476],[1.52189,42.50462],[1.52138,42.50446]],[[1.51851,42.57364],[1.5184,42.57361],[1.51833,42.5736],[1.51833,42.57344],[1.5185,42.57341],[1.51886,42.57256],[1.52045,42.57136],[1.52089,42.57057],[1.52099,42.56927],[1.52122,42.56879],[1.52209,42.56803],[1.52281,42.56764],[1.52313,42.56733],[1.52361,42.56629],[1.52419,42.56531],[1.5248,42.5646],[1.52593,42.56378],[1.52644,42.56351],[1.52738,42.56321],[1.52746,42.56308],[1.52757,42.56312],[1.52906,42.56252],[1.52931,42.56218],[1.52971,42.56157],[1.52996,42.56136],[1.53058,42.56107],[1.53102,42.5607],[1.53143,42.5599],[1.53234,42.5588],[1.53242,42.55867],[1.53253,42.5584],[1.53256,42.55808],[1.53252,42.55781],[1.53251,42.55701],[1.53258,42.55683],[1.53252,42.55679],[1.53251,42.55674],[1.53259,42.55667],[1.53263,42.55632],[1.53268,42.55614],[1.53288,42.55592],[1.53294,42.55581],[1.53295,42.55575],[1.53295,42.55571],[1.5329,42.55572],[1.53285,42.55569],[1.53283,42.55565],[1.53282,42.55562],[1.53273,42.55563],[1.53258,42.55565],[1.53238,42.55567],[1.53226,42.55568],[1.53207,42.5557],[1.53166,42.55572],[1.53137,42.55567],[1.53115,42.5556],[1.5308,42.55545],[1.52984,42.55501],[1.52936,42.55471],[1.52914,42.55449],[1.52882,42.55402],[1.52874,42.55389],[1.52871,42.55385],[1.52862,42.55378],[1.52859,42.55377],[1.52855,42.55373],[1.52855,42.5537],[1.52852,42.55359],[1.52841,42.55347],[1.52827,42.55332],[1.528,42.55303],[1.52748,42.5526],[1.52666,42.55198],[1.52656,42.55188],[1.52649,42.55176],[1.52646,42.55165],[1.52645,42.55158],[1.52637,42.55149],[1.52632,42.55145],[1.52629,42.55139],[1.52634,42.55133],[1.52635,42.55123],[1.5263,42.55096],[1.52619,42.55064],[1.52609,42.55044],[1.52582,42.55012],[1.52544,42.54994],[1.52511,42.54978],[1.52489,42.54967],[1.52444,42.54943],[1.52409,42.54931],[1.5236,42.54922],[1.52351,42.54921],[1.52324,42.54912],[1.5231,42.54906],[1.52287,42.54887],[1.52216,42.54827],[1.52196,42.54808],[1.52175,42.54778],[1.52162,42.54742],[1.52158,42.54727],[1.52148,42.54706],[1.52143,42.54696],[1.52129,42.54653],[1.52122,42.54643],[1.52093,42.54622],[1.52058,42.54593],[1.52036,42.54578],[1.52032,42.54576],[1.51989,42.5456],[1.51932,42.54547],[1.51904,42.54543],[1.51831,42.54547],[1.51791,42.54549],[1.51753,42.54557],[1.51746,42.54559],[1.51746,42.54563],[1.51743,42.54566],[1.51736,42.54565],[1.51719,42.54569],[1.51698,42.54584],[1.51674,42.54608],[1.51574,42.54664],[1.51498,42.54706],[1.51473,42.54714],[1.5146,42.54717],[1.51445,42.54715],[1.51438,42.54714],[1.51426,42.54709],[1.51426,42.54712],[1.51369,42.54769],[1.51357,42.54772],[1.51343,42.54767],[1.51337,42.54759],[1.51342,42.54736],[1.51345,42.54731],[1.5137,42.54693],[1.51373,42.54691],[1.51387,42.54669],[1.51392,42.54662],[1.51396,42.54653],[1.51399,42.54645],[1.514,42.54642],[1.51405,42.54612],[1.51412,42.54601],[1.5142,42.54594],[1.51455,42.54577],[1.51468,42.54569],[1.51474,42.54567],[1.5148,42.54564],[1.51499,42.54552],[1.51509,42.54542],[1.51512,42.54537],[1.51519,42.54529],[1.51529,42.54509],[1.51524,42.54508]],[[1.51387,42.54669],[1.51387,42.54669]],[[1.51574,42.54664],[1.51576,42.54665]]],"crs":null},"properties":{"line":"L6"}},{"type":"Feature","geometry":{"type":"MultiLineString","coordinates":[[[1.48264,42.5739],[1.48267,42.57388],[1.48276,42.57379],[1.48264,42.5739],[1.48227,42.57422],[1.48177,42.57459],[1.48148,42.57506],[1.48135,42.57538],[1.48138,42.57552],[1.48145,42.57572],[1.48141,42.57595],[1.48136,42.57602],[1.48136,42.57604],[1.48124,42.57624],[1.48109,42.57646],[1.48092,42.57674],[1.48082,42.57697],[1.48065,42.57727],[1.48059,42.57732],[1.48049,42.57738],[1.47918,42.57824],[1.47905,42.57833],[1.4789,42.57834]],[[1.49694,42.56156],[1.49695,42.56158]],[[1.51604,42.54409],[1.51603,42.54409]],[[1.51772,42.54192],[1.51772,42.54192]],[[1.51944,42.53879],[1.51925,42.53939],[1.51924,42.53951],[1.51925,42.53952],[1.51924,42.53955],[1.51924,42.53955],[1.51922,42.53963],[1.51926,42.53983],[1.51944,42.54025],[1.5195,42.54044],[1.51952,42.5405],[1.51954,42.54062],[1.51951,42.5408],[1.51941,42.54099],[1.51932,42.54109],[1.51904,42.54128],[1.51794,42.54174],[1.5178,42.54184],[1.51772,42.54192],[1.51769,42.54194],[1.51754,42.54217],[1.51742,42.54241],[1.51717,42.54285],[1.51708,42.54303],[1.51708,42.54304],[1.51707,42.54306],[1.51706,42.54306],[1.51701,42.54312],[1.51686,42.54339],[1.5167,42.54356],[1.51652,42.54374],[1.51632,42.54389],[1.51609,42.54406],[1.51604,42.54409],[1.5156,42.54449],[1.51538,42.54484],[1.51514,42.54532],[1.51504,42.54545],[1.51494,42.54555],[1.51475,42.54567],[1.51463,42.54572],[1.5145,42.5458],[1.51415,42.54596],[1.51405,42.54605],[1.514,42.54615],[1.51393,42.54654],[1.51393,42.54655],[1.5139,42.54652],[1.51392,42.54652],[1.51393,42.54654],[1.51394,42.54654],[1.51393,42.54661],[1.51398,42.54686],[1.51399,42.54691],[1.51403,42.54693],[1.51421,42.54708],[1.51421,42.54712],[1.51421,42.54715],[1.51371,42.54768],[1.51361,42.54776],[1.51355,42.54778],[1.51349,42.54781],[1.51346,42.54783],[1.51341,42.54785],[1.51339,42.5479],[1.51337,42.54802],[1.51339,42.54811],[1.51339,42.54812],[1.5134,42.54815],[1.51338,42.54818],[1.51337,42.5482],[1.51334,42.54821],[1.51332,42.54822],[1.51296,42.54851],[1.51276,42.54873],[1.51229,42.54922],[1.51209,42.54941],[1.51191,42.54964],[1.51177,42.54981],[1.51163,42.55001],[1.51163,42.55002],[1.51161,42.55005],[1.5116,42.55006],[1.51159,42.55006],[1.51124,42.55031],[1.51112,42.55038],[1.51076,42.55067],[1.51054,42.55086],[1.50942,42.55163],[1.50913,42.55181],[1.50904,42.55188],[1.50848,42.55235],[1.50829,42.5525],[1.50816,42.55263],[1.50686,42.55385],[1.50672,42.55403],[1.50677,42.5541],[1.50672,42.55418],[1.50652,42.55473],[1.50651,42.55512],[1.50646,42.55526],[1.50607,42.55577],[1.50573,42.55631],[1.50556,42.5565],[1.50518,42.55684],[1.50506,42.55698],[1.50489,42.55723],[1.50476,42.55746],[1.50473,42.55762],[1.50473,42.55789],[1.50473,42.55792],[1.50474,42.55851],[1.5047,42.55866],[1.50451,42.55885],[1.50374,42.55944],[1.50309,42.56015],[1.50285,42.56037],[1.50242,42.56071],[1.5023,42.56087],[1.50223,42.56113],[1.50212,42.56127],[1.50193,42.56137],[1.50177,42.56141],[1.50127,42.5614],[1.50106,42.56143],[1.50087,42.5615],[1.50057,42.56164],[1.50046,42.56168],[1.50036,42.56171],[1.49995,42.56177],[1.49989,42.56177],[1.49979,42.56177],[1.49965,42.56176],[1.49922,42.56171],[1.49882,42.56165],[1.49868,42.56162],[1.49837,42.56157],[1.49786,42.5615],[1.49753,42.5615],[1.49747,42.5615],[1.49733,42.56152],[1.49705,42.56154],[1.49694,42.56156],[1.49664,42.56159],[1.49661,42.56161],[1.49658,42.56162],[1.49655,42.56163],[1.49639,42.56171],[1.49605,42.56191],[1.49589,42.56198],[1.49577,42.56205],[1.49566,42.56212],[1.49553,42.56225],[1.4955,42.56227],[1.49506,42.56286],[1.49478,42.5631],[1.49442,42.56338],[1.49425,42.56347],[1.49338,42.5637],[1.49286,42.56386],[1.49281,42.56389],[1.49272,42.56394],[1.49257,42.56403],[1.49241,42.56416],[1.49188,42.56482],[1.49178,42.56491],[1.49171,42.56497],[1.49158,42.56509],[1.49144,42.56524],[1.49095,42.5658],[1.49094,42.56587],[1.49091,42.56594],[1.4908,42.56595],[1.49051,42.56616],[1.49045,42.56623],[1.49012,42.56659],[1.48997,42.56685],[1.48972,42.56714],[1.4896,42.56725],[1.48905,42.56778],[1.48891,42.56794],[1.48886,42.56802],[1.48882,42.56808],[1.48868,42.56854],[1.48842,42.56897],[1.48811,42.56931],[1.48801,42.56943],[1.48799,42.56944],[1.48778,42.56968],[1.48775,42.56972],[1.48741,42.57008],[1.48731,42.5702],[1.48724,42.57026],[1.48708,42.57041],[1.48678,42.57059],[1.48654,42.57072],[1.48636,42.57084],[1.48634,42.57093],[1.48637,42.57097],[1.48635,42.57102],[1.48628,42.57105],[1.48618,42.57104],[1.48616,42.57106],[1.48598,42.5712],[1.48553,42.57149],[1.48532,42.57157],[1.48508,42.57165],[1.48449,42.57182],[1.48427,42.57192],[1.48411,42.57196],[1.48399,42.572],[1.48387,42.57209],[1.48383,42.57225],[1.48377,42.57246],[1.48376,42.57269],[1.48375,42.57283],[1.4837,42.57301],[1.48366,42.57319],[1.48358,42.57326],[1.48344,42.57333],[1.48328,42.57341],[1.48277,42.57379],[1.48276,42.57379]],[[1.5195,42.54044],[1.51948,42.54044]],[[1.52143,42.50453],[1.51968,42.50382],[1.51915,42.50379],[1.51908,42.50366],[1.5191,42.50356],[1.5192,42.50346],[1.51953,42.50346],[1.51966,42.50356],[1.52103,42.50414],[1.52192,42.50448],[1.52225,42.50446],[1.52238,42.50453],[1.52736,42.50526],[1.52751,42.50522],[1.52763,42.50527],[1.52789,42.50523],[1.52832,42.5053],[1.53161,42.50597],[1.53183,42.50593],[1.5319,42.50595],[1.53196,42.50604],[1.53414,42.50648],[1.53428,42.5064],[1.53444,42.50646],[1.53446,42.50654],[1.5344,42.50664],[1.53422,42.50671],[1.53411,42.50911],[1.534,42.50957],[1.53392,42.50982],[1.53397,42.50993],[1.53399,42.50999],[1.53405,42.5101],[1.53527,42.511],[1.53545,42.51115],[1.53567,42.51124],[1.53586,42.51135],[1.53618,42.51157],[1.53646,42.512],[1.53657,42.51208],[1.53664,42.51207],[1.53672,42.51209],[1.53675,42.51213],[1.53675,42.51218],[1.53666,42.51225],[1.53654,42.5124],[1.53636,42.51252],[1.53613,42.51261],[1.53588,42.51269],[1.53594,42.51276],[1.53601,42.51295],[1.536,42.51306],[1.53586,42.51326],[1.5356,42.51339],[1.53536,42.51344],[1.53416,42.51365],[1.53378,42.51372],[1.53361,42.51377],[1.53325,42.51385],[1.53305,42.51388],[1.53281,42.51397],[1.53249,42.51414],[1.53229,42.51427],[1.532,42.51455],[1.53174,42.51485],[1.53169,42.51492],[1.53048,42.51589],[1.53048,42.5159],[1.53031,42.51601],[1.52989,42.51619],[1.5298,42.51626],[1.52955,42.51641],[1.52924,42.51661],[1.52901,42.51674],[1.5288,42.51678],[1.52847,42.51673],[1.52837,42.5168],[1.52831,42.51682],[1.52824,42.51681],[1.52818,42.51678],[1.5275,42.51712],[1.52715,42.51728],[1.52639,42.51758],[1.526,42.5178],[1.52588,42.51789],[1.5256,42.51819],[1.52545,42.51832],[1.52479,42.51881],[1.52415,42.51925],[1.52404,42.51934],[1.52402,42.51945],[1.52399,42.51963],[1.52384,42.52019],[1.52379,42.52029],[1.52361,42.52072],[1.52329,42.52133],[1.52318,42.52147],[1.52302,42.52161],[1.52251,42.52191],[1.52227,42.52208],[1.5221,42.52225],[1.52188,42.52268],[1.52184,42.52287],[1.52166,42.52325],[1.52098,42.52418],[1.5207,42.52454],[1.52064,42.52498],[1.52062,42.5257],[1.5206,42.52615],[1.52052,42.52641],[1.52036,42.52657],[1.52026,42.52689],[1.52023,42.52697],[1.52021,42.52705],[1.52016,42.52721],[1.52013,42.52744],[1.52029,42.52764],[1.52077,42.5283],[1.5209,42.52875],[1.52085,42.52913],[1.52071,42.52924],[1.52066,42.52941],[1.52058,42.52953],[1.52051,42.52965],[1.52033,42.52994],[1.52045,42.52997],[1.52056,42.53001],[1.52065,42.53006],[1.52073,42.53013],[1.52078,42.5302],[1.52081,42.53026],[1.52082,42.53035],[1.52081,42.53044],[1.52078,42.53053],[1.52072,42.5306],[1.52064,42.53067],[1.52055,42.53073],[1.52044,42.53077],[1.52032,42.53079],[1.5202,42.53079],[1.51996,42.53072],[1.51988,42.5309],[1.51986,42.53097],[1.51984,42.53102],[1.51975,42.53124],[1.51958,42.53157],[1.51954,42.53169],[1.51947,42.53182],[1.51947,42.53197],[1.51947,42.53204],[1.51968,42.53262],[1.51972,42.53274],[1.51974,42.53276],[1.51976,42.53278],[1.51977,42.53281],[1.51977,42.53283],[1.51976,42.53285],[1.51974,42.53287],[1.51972,42.53289],[1.5197,42.5329],[1.51967,42.53291],[1.51964,42.53297],[1.51961,42.533],[1.5196,42.53305],[1.51953,42.5333],[1.51939,42.53366],[1.51938,42.53369],[1.51937,42.53381],[1.51941,42.53404],[1.51948,42.53416],[1.51961,42.53433],[1.5203,42.535],[1.52058,42.53523],[1.52101,42.53557],[1.52117,42.53572],[1.5212,42.53578],[1.52121,42.53583],[1.52119,42.53597],[1.52113,42.53605],[1.52107,42.5361],[1.52072,42.53632],[1.5206,42.53642],[1.52031,42.53683],[1.52012,42.53715],[1.52011,42.53717],[1.5201,42.53719],[1.52003,42.53728],[1.51975,42.53793],[1.51955,42.53847],[1.51944,42.53879],[1.51946,42.53879]]],"crs":null},"properties":{"line":"L5"}},{"type":"Feature","geometry":{"type":"LineString","coordinates":[[1.51352,42.54781],[1.51333,42.54777],[1.51333,42.54773],[1.51331,42.54764],[1.51331,42.54756],[1.51337,42.54739],[1.5134,42.54734],[1.51365,42.54696],[1.51368,42.54694],[1.51382,42.54672],[1.51382,42.54671],[1.51382,42.54672],[1.51387,42.54665],[1.51391,42.54656],[1.51394,42.54648],[1.51395,42.54645],[1.514,42.54615],[1.51407,42.54603],[1.51415,42.54596],[1.5145,42.5458],[1.51463,42.54572],[1.51469,42.54569],[1.51475,42.54567],[1.51494,42.54555],[1.51504,42.54545],[1.51507,42.5454],[1.51514,42.54532],[1.51524,42.54512],[1.51519,42.54511],[1.51524,42.54512],[1.51532,42.54497],[1.51538,42.54484],[1.51547,42.54469],[1.5156,42.54449],[1.51601,42.54412],[1.51609,42.54406],[1.51612,42.54401],[1.51632,42.5438],[1.51637,42.54378],[1.51656,42.54362],[1.5168,42.54339],[1.51694,42.54308],[1.51696,42.54303],[1.51696,42.54302],[1.51697,42.54302],[1.51697,42.54301],[1.51698,42.543],[1.51707,42.5429],[1.51735,42.54239],[1.5174,42.54232],[1.51746,42.54216],[1.51756,42.54198],[1.51764,42.54187],[1.51772,42.5418],[1.51779,42.54174],[1.51791,42.54169],[1.51898,42.54123],[1.5191,42.54116],[1.51924,42.54106],[1.51931,42.54097],[1.51941,42.54079],[1.51944,42.5407],[1.51943,42.5405],[1.51935,42.54026],[1.51923,42.53998],[1.51923,42.53998],[1.51923,42.53998],[1.51915,42.53979],[1.51914,42.53966],[1.51912,42.53954],[1.51911,42.53953],[1.51911,42.53952],[1.51912,42.53951],[1.51912,42.5395],[1.51916,42.5394],[1.51958,42.53812],[1.51976,42.53771],[1.51995,42.53727],[1.51998,42.53717],[1.51998,42.53715],[1.51999,42.53712],[1.52,42.53711],[1.5201,42.53695],[1.5203,42.53665],[1.52056,42.53634],[1.52095,42.53608],[1.52103,42.536],[1.52108,42.5359],[1.52108,42.5358],[1.52102,42.5357],[1.52096,42.53564],[1.5204,42.53519],[1.52005,42.53487],[1.51963,42.53446],[1.51946,42.53427],[1.51936,42.53411],[1.51932,42.53403],[1.51929,42.53394],[1.51928,42.53389],[1.51927,42.53382],[1.51928,42.53374],[1.51929,42.53367],[1.51943,42.5333],[1.51942,42.5333],[1.51943,42.5333],[1.51944,42.53329],[1.51956,42.53291],[1.51953,42.53285],[1.51952,42.53282],[1.51953,42.53279],[1.51957,42.53268],[1.51957,42.53249],[1.51944,42.5321],[1.51942,42.53205],[1.51941,42.53197],[1.51943,42.53175],[1.51946,42.53168],[1.51947,42.53166],[1.51951,42.53155],[1.51961,42.53141],[1.51963,42.53139],[1.51975,42.53115],[1.51985,42.53085],[1.51991,42.53068],[1.51972,42.53055],[1.51968,42.53046],[1.51967,42.53037],[1.51968,42.53028],[1.51971,42.5302],[1.51976,42.53013],[1.51989,42.53003],[1.51991,42.53002],[1.52016,42.52999],[1.52026,42.52979],[1.52028,42.52971],[1.52036,42.52961],[1.52046,42.52947],[1.52057,42.52925],[1.52061,42.52908],[1.52061,42.5289],[1.52057,42.5286],[1.52048,42.52834],[1.52039,42.5282],[1.51997,42.52764],[1.51991,42.52748],[1.5199,42.52734],[1.51996,42.52706],[1.52004,42.52693],[1.52023,42.5267],[1.52028,42.52665],[1.52036,42.52657],[1.52043,42.52642],[1.52052,42.52616],[1.52055,42.52572],[1.5206,42.52511],[1.5206,42.52502],[1.52066,42.52454],[1.5207,42.52446],[1.5208,42.52432],[1.52087,42.52419],[1.52102,42.52398],[1.52138,42.52343],[1.5218,42.52289],[1.52178,42.52286],[1.52182,42.52266],[1.52191,42.52243],[1.52208,42.52218],[1.52229,42.52198],[1.52278,42.52168],[1.52295,42.52157],[1.52306,42.52144],[1.52311,42.52138],[1.52326,42.52111],[1.52359,42.5204],[1.5237,42.52007],[1.52372,42.51968],[1.52381,42.51948],[1.52397,42.51933],[1.52415,42.5192],[1.5254,42.51827],[1.52581,42.51788],[1.52609,42.51768],[1.52626,42.51759],[1.52705,42.51727],[1.52763,42.51702],[1.5281,42.51679],[1.52805,42.5167],[1.5281,42.51662],[1.52812,42.51659],[1.52821,42.51656],[1.52833,42.51657],[1.5284,42.51662],[1.52843,42.51668],[1.52843,42.51673],[1.52852,42.51675],[1.52874,42.51678],[1.52884,42.51676],[1.52903,42.51668],[1.52917,42.51659],[1.52949,42.51636],[1.52976,42.51621],[1.52985,42.51619],[1.52996,42.51615],[1.53031,42.51601],[1.53048,42.5159],[1.53054,42.51585],[1.53111,42.51537],[1.53127,42.51526],[1.5315,42.51507],[1.53155,42.51503],[1.53169,42.51492],[1.532,42.51455],[1.53229,42.51427],[1.53249,42.51414],[1.53282,42.51398],[1.53308,42.5139],[1.53323,42.51382],[1.53358,42.51375],[1.53375,42.51371],[1.53419,42.51321],[1.53448,42.51306],[1.53533,42.51269],[1.53545,42.51256],[1.53549,42.51231],[1.53528,42.51209],[1.53403,42.51123],[1.53372,42.51074],[1.53325,42.51052],[1.53286,42.51037],[1.53133,42.50983],[1.5304,42.50928],[1.52999,42.50917],[1.52914,42.50896],[1.5283,42.50839],[1.52758,42.50748],[1.52725,42.50731],[1.52499,42.50709],[1.52176,42.50628],[1.52207,42.50482],[1.5218,42.50467],[1.52137,42.50455]],"crs":null},"properties":{"line":"L7"}},{"type":"Feature","geometry":{"type":"LineString","coordinates":[[1.58829,42.53526],[1.58819,42.53536],[1.58806,42.53531],[1.58805,42.53525],[1.58808,42.53521],[1.58724,42.53467],[1.58613,42.53415],[1.58557,42.53361],[1.58534,42.53347],[1.58523,42.53347],[1.58508,42.53352],[1.58498,42.53361],[1.58496,42.53367],[1.58494,42.53375],[1.58499,42.53384],[1.58523,42.53412],[1.58548,42.53436],[1.58574,42.53459],[1.58586,42.5347],[1.58581,42.53489],[1.58544,42.53551],[1.58456,42.53711],[1.58449,42.53719],[1.58442,42.53724],[1.58434,42.53728],[1.58425,42.5373],[1.58415,42.53731],[1.58406,42.5373],[1.58397,42.53728],[1.58388,42.53723],[1.58353,42.53699],[1.58188,42.53589],[1.58148,42.53535],[1.58072,42.53434],[1.58055,42.53408],[1.58047,42.53406],[1.58043,42.534],[1.58042,42.53395],[1.58046,42.53391],[1.58024,42.53379],[1.58011,42.53366],[1.57975,42.53342],[1.57932,42.53329],[1.57851,42.53306],[1.5779,42.53298],[1.57605,42.53276],[1.57543,42.53263],[1.57443,42.53238],[1.5738,42.53208],[1.57346,42.53182],[1.57302,42.53137],[1.57247,42.53065],[1.57191,42.52977],[1.57156,42.52954],[1.57148,42.52952],[1.57136,42.52948],[1.57128,42.52939],[1.57129,42.52932],[1.5712,42.52917],[1.5708,42.52889],[1.56849,42.52734],[1.5678,42.527],[1.56598,42.52573],[1.5649,42.52527],[1.5647,42.52521],[1.56452,42.5252],[1.56446,42.52532],[1.56434,42.52536],[1.56418,42.52533],[1.56409,42.52525],[1.56411,42.52516],[1.56419,42.52507],[1.56414,42.52502],[1.56399,42.52498],[1.56312,42.52469],[1.56275,42.52453],[1.5625,42.52435],[1.56192,42.52368],[1.56155,42.52326],[1.56119,42.52295],[1.56062,42.52257],[1.55996,42.52223],[1.55954,42.522],[1.55924,42.52178],[1.55847,42.52116],[1.55754,42.52027],[1.55709,42.51982],[1.55668,42.51927],[1.5566,42.51911],[1.55607,42.51853],[1.55558,42.51819],[1.55546,42.51822],[1.5553,42.51821],[1.55514,42.51812],[1.55509,42.51801],[1.555,42.51793],[1.55479,42.51785],[1.55449,42.51768],[1.55413,42.51738],[1.55369,42.51675],[1.55354,42.5164],[1.55342,42.51592],[1.5533,42.51566],[1.55315,42.51543],[1.55301,42.51523],[1.55283,42.515],[1.5527,42.51461],[1.55271,42.51434],[1.55272,42.51408],[1.55271,42.51392],[1.55264,42.51372],[1.55245,42.51352],[1.55191,42.51322],[1.5517,42.51316],[1.55144,42.51302],[1.55119,42.5128],[1.55094,42.51253],[1.55085,42.51244],[1.5506,42.5123],[1.55058,42.51232],[1.55051,42.51233],[1.55045,42.51232],[1.55041,42.51228],[1.55014,42.51207],[1.55001,42.51199],[1.54957,42.51181],[1.54932,42.51173],[1.54897,42.51167],[1.5482,42.51148],[1.54713,42.5112],[1.54681,42.5111],[1.54669,42.51103],[1.5466,42.51097],[1.54654,42.51088],[1.54646,42.51074],[1.54635,42.51051],[1.54634,42.51044],[1.54642,42.51002],[1.54639,42.50994],[1.54634,42.50985],[1.54621,42.50975],[1.54616,42.50973],[1.54499,42.50933],[1.54449,42.5092],[1.54384,42.50914],[1.54291,42.50895],[1.54278,42.50893],[1.54235,42.50892],[1.54216,42.50891],[1.54213,42.50908],[1.54213,42.50932],[1.54205,42.50942],[1.5417,42.51041],[1.54176,42.51071],[1.54183,42.51082],[1.54176,42.51096],[1.54176,42.51111],[1.5418,42.51134],[1.54172,42.5115],[1.54159,42.51161],[1.54136,42.51165],[1.54113,42.51167],[1.5409,42.51177],[1.54067,42.51181],[1.5406,42.51164],[1.54109,42.51123],[1.54125,42.51103],[1.54132,42.51085],[1.54124,42.51062],[1.53975,42.51117],[1.5388,42.51008],[1.53867,42.51008],[1.53421,42.50989],[1.53387,42.51008],[1.53363,42.51014],[1.5335,42.50996],[1.53334,42.50992],[1.53207,42.50968],[1.53106,42.50931],[1.53064,42.50931],[1.5303,42.50925],[1.52924,42.50896],[1.52854,42.5086],[1.528,42.50805],[1.52759,42.50741],[1.52699,42.50725],[1.52501,42.50705],[1.52188,42.50627],[1.52177,42.50613],[1.52204,42.50486],[1.52192,42.50468],[1.52194,42.50463],[1.5213,42.50442],[1.51977,42.50378]],"crs":null},"properties":{"line":"L2"}},{"type":"Feature","geometry":{"type":"LineString","coordinates":[[1.51956,42.50377],[1.51945,42.50381],[1.51933,42.50381],[1.51929,42.50378],[1.51913,42.50393],[1.51885,42.50442],[1.51862,42.50498],[1.51846,42.50518],[1.51846,42.50526],[1.51849,42.50534],[1.51859,42.50542],[1.51907,42.50543],[1.51954,42.50552],[1.52077,42.50588],[1.52159,42.50621],[1.52167,42.50618],[1.52175,42.50616],[1.52183,42.50621],[1.52185,42.50628],[1.52497,42.50702],[1.52743,42.50724],[1.52751,42.50725],[1.52785,42.50726],[1.52794,42.50729],[1.52801,42.5073],[1.52802,42.5073],[1.52819,42.50736],[1.52823,42.50739],[1.5285,42.50763],[1.52885,42.50799],[1.52916,42.50822],[1.52925,42.50829],[1.52972,42.50857],[1.52987,42.50864],[1.53016,42.50879],[1.53044,42.50891],[1.53056,42.50895],[1.53081,42.50876],[1.53108,42.50885],[1.53115,42.50888],[1.53165,42.50908],[1.53162,42.50926],[1.5316,42.50938],[1.53187,42.50947],[1.53241,42.50963],[1.53266,42.50967],[1.5331,42.50973],[1.53349,42.50983],[1.53359,42.50986],[1.53368,42.50981],[1.53387,42.50984],[1.53392,42.50988],[1.53398,42.50987],[1.53523,42.50988],[1.53533,42.50923],[1.53863,42.50947],[1.5389,42.50948],[1.54008,42.50957],[1.54036,42.50954],[1.54078,42.50931],[1.54138,42.50915],[1.54203,42.50908],[1.54216,42.50889],[1.54239,42.50891],[1.54268,42.50892],[1.5429,42.50893],[1.54335,42.50902],[1.54385,42.50913],[1.54423,42.50914],[1.54456,42.50919],[1.54488,42.50927],[1.54535,42.50944],[1.54616,42.50971],[1.54628,42.50978],[1.54635,42.50984],[1.5464,42.50991],[1.54644,42.51001],[1.54636,42.51044],[1.54636,42.5105],[1.54648,42.51075],[1.54661,42.51095],[1.54671,42.51103],[1.54686,42.5111],[1.54715,42.51119],[1.54821,42.51147],[1.54894,42.51165],[1.54933,42.51172],[1.5496,42.51181],[1.55004,42.51199],[1.55014,42.51205],[1.55046,42.51218],[1.55052,42.51217],[1.55058,42.51219],[1.55062,42.51222],[1.55063,42.51225],[1.55062,42.51229],[1.55086,42.51243],[1.55094,42.5125],[1.55099,42.51255],[1.55111,42.51267],[1.55122,42.51279],[1.55129,42.51286],[1.55147,42.513],[1.55161,42.51309],[1.55176,42.51316],[1.55195,42.51322],[1.55219,42.51328],[1.55246,42.5134],[1.55268,42.51353],[1.55282,42.51362],[1.55293,42.51372],[1.55307,42.51389],[1.55335,42.51422],[1.55356,42.51453],[1.55389,42.51511],[1.55392,42.51518],[1.554,42.51531],[1.55417,42.51556],[1.55424,42.51585],[1.55424,42.51593],[1.55425,42.51602],[1.55421,42.51618],[1.55398,42.51663],[1.55396,42.51672],[1.55398,42.51685],[1.55404,42.51695],[1.55436,42.5173],[1.55448,42.51741],[1.55472,42.51759],[1.55481,42.51765],[1.55488,42.51769],[1.55505,42.51778],[1.55519,42.51781],[1.5553,42.51776],[1.55541,42.51774],[1.55554,42.51777],[1.55563,42.51779],[1.55568,42.51785],[1.55572,42.51796],[1.55572,42.51805],[1.55579,42.51816],[1.55603,42.51831],[1.55637,42.51859],[1.55658,42.51889],[1.55688,42.51943],[1.55707,42.51966],[1.55726,42.51994],[1.55766,42.52034],[1.55821,42.52084],[1.55851,42.52112],[1.55929,42.52176],[1.55959,42.52198],[1.56055,42.52248],[1.5612,42.52291],[1.56157,42.52322],[1.56196,42.52363],[1.56233,42.52409],[1.56267,42.52442],[1.56282,42.52452],[1.56303,42.5246],[1.5633,42.52471],[1.5638,42.52489],[1.56394,42.52493],[1.56414,42.525],[1.56423,42.52504],[1.56432,42.52503],[1.56449,42.52508],[1.56453,42.52519],[1.5647,42.52519],[1.56495,42.52526],[1.56539,42.52541],[1.56584,42.52559],[1.5663,42.52585],[1.56719,42.5265],[1.56771,42.52687],[1.56795,42.52702],[1.56908,42.52758],[1.56936,42.52777],[1.57097,42.52888],[1.57144,42.5292],[1.57162,42.52921],[1.5717,42.52926],[1.57173,42.52932],[1.57172,42.5294],[1.57171,42.52942],[1.57194,42.52977],[1.57209,42.52997],[1.5725,42.53061],[1.57293,42.53117],[1.57326,42.53158],[1.57367,42.53191],[1.57381,42.53205],[1.57443,42.53234],[1.57547,42.53259],[1.57607,42.53274],[1.57626,42.53274],[1.57806,42.53297],[1.57849,42.53301],[1.57934,42.53325],[1.57975,42.53339],[1.58,42.53352],[1.58014,42.53365],[1.58025,42.53377],[1.58047,42.5339],[1.58053,42.53388],[1.5806,42.53389],[1.58066,42.53393],[1.58068,42.53397],[1.58067,42.53403],[1.5806,42.53408],[1.58152,42.53534],[1.5819,42.53586],[1.58346,42.5369],[1.58386,42.53719],[1.58397,42.53725],[1.58406,42.53729],[1.58415,42.53729],[1.58425,42.53728],[1.58434,42.53726],[1.58448,42.53719],[1.5847,42.5368],[1.58541,42.53551],[1.58578,42.53488],[1.58583,42.53471],[1.58515,42.53408],[1.58493,42.53382],[1.58489,42.53371],[1.58491,42.5336],[1.58493,42.53351],[1.58498,42.53346],[1.58498,42.53344],[1.58502,42.53337],[1.58511,42.53334],[1.58518,42.53333],[1.5853,42.53335],[1.58551,42.53346],[1.58562,42.53356],[1.58598,42.53395],[1.58617,42.53411],[1.58699,42.53451],[1.5871,42.53456],[1.5872,42.53462],[1.58767,42.5349],[1.58809,42.5352],[1.58817,42.53518],[1.58825,42.53521],[1.5883,42.53526]],"crs":null},"properties":{"line":"L2"}},{"type":"Feature","geometry":{"type":"MultiLineString","coordinates":[[[1.66631,42.57698],[1.66623,42.577],[1.66613,42.57702],[1.6659,42.57709],[1.66422,42.57746],[1.66407,42.57747],[1.66375,42.57748],[1.66351,42.57751],[1.6633,42.57755],[1.66316,42.57765],[1.66304,42.57778],[1.66301,42.57803],[1.66311,42.5783],[1.66328,42.57861],[1.66359,42.57892],[1.66367,42.57913],[1.66371,42.57931],[1.66378,42.5797],[1.6639,42.58006],[1.66399,42.58026],[1.66422,42.58082],[1.66439,42.58127],[1.6644,42.5813],[1.66445,42.58149],[1.66448,42.58184],[1.66449,42.58235],[1.66456,42.58288],[1.66462,42.58335],[1.66456,42.58361],[1.66437,42.58377],[1.66409,42.58387],[1.6639,42.58389],[1.66372,42.58389],[1.66356,42.58385],[1.66346,42.5838],[1.66332,42.58371],[1.66316,42.58352],[1.66301,42.58329],[1.66263,42.5828],[1.66224,42.58231],[1.66187,42.5819],[1.66144,42.58147],[1.6609,42.5809],[1.66044,42.5805],[1.65984,42.58008],[1.65894,42.57949],[1.6588,42.57941],[1.65873,42.57936],[1.65865,42.57931],[1.65813,42.57898],[1.65786,42.5788],[1.65706,42.57823],[1.65667,42.57801],[1.65622,42.57783],[1.65576,42.57768],[1.6554,42.57763],[1.65493,42.5776],[1.65442,42.57765],[1.65409,42.57772],[1.65388,42.57776],[1.65346,42.57787],[1.65301,42.57801],[1.6527,42.57815],[1.65238,42.57824],[1.65181,42.57843],[1.65115,42.57855],[1.65063,42.57865],[1.65034,42.57871],[1.65005,42.57877],[1.64984,42.57893],[1.64973,42.57914],[1.64955,42.57945],[1.64948,42.57951],[1.64937,42.57958],[1.6493,42.57963],[1.64909,42.57972],[1.64855,42.5799],[1.64821,42.58003],[1.64778,42.58019],[1.64733,42.58027],[1.64698,42.58027],[1.64641,42.58015],[1.64591,42.57998],[1.64585,42.57993],[1.64582,42.57995],[1.64578,42.57996],[1.64572,42.57997],[1.64566,42.57995],[1.6456,42.5799],[1.64559,42.57984],[1.64511,42.57978],[1.64466,42.57971],[1.64397,42.57961],[1.64331,42.57957],[1.64276,42.57955],[1.64257,42.57954],[1.64221,42.57951],[1.64181,42.5795],[1.64162,42.57949],[1.64154,42.57949],[1.64138,42.57949],[1.64078,42.57947],[1.64042,42.57941],[1.63986,42.5792],[1.6395,42.57903],[1.63932,42.57895],[1.63925,42.57892],[1.639,42.57882],[1.63875,42.57875],[1.63835,42.57877],[1.63789,42.57883],[1.63742,42.57885],[1.63722,42.57885],[1.63671,42.57878],[1.63593,42.57852],[1.63559,42.57842],[1.63521,42.57834],[1.63476,42.57828],[1.63466,42.57826],[1.63447,42.57826],[1.63426,42.57825],[1.63422,42.57827],[1.63419,42.57828],[1.63411,42.57828],[1.63407,42.57827],[1.63403,42.57825],[1.63381,42.57822],[1.63334,42.57823],[1.63285,42.57826],[1.63211,42.57837],[1.63157,42.57847],[1.63095,42.57858],[1.63078,42.57859],[1.6305,42.57856],[1.63026,42.5785],[1.63012,42.57842],[1.62969,42.57824],[1.62929,42.57804],[1.62878,42.57779],[1.6285,42.57772],[1.62843,42.5777],[1.6281,42.57768],[1.62683,42.57785],[1.62646,42.5778],[1.62608,42.57762],[1.62594,42.57748],[1.62578,42.57729],[1.62557,42.57694],[1.62535,42.57671],[1.62506,42.57652],[1.62463,42.57631],[1.62421,42.57615],[1.62321,42.57594],[1.62269,42.57579],[1.62245,42.57568],[1.62223,42.57549],[1.62199,42.57523],[1.62161,42.57487],[1.62137,42.5747],[1.62098,42.57453],[1.62054,42.57439],[1.61969,42.57422],[1.61911,42.57414],[1.61889,42.57408],[1.61868,42.57394],[1.61829,42.57362],[1.61803,42.57346],[1.61761,42.57328],[1.61728,42.57319],[1.61714,42.57315],[1.61683,42.57307],[1.61653,42.573],[1.61602,42.57285],[1.61592,42.57282],[1.61504,42.57257],[1.61455,42.57243],[1.61431,42.57236],[1.61399,42.57228],[1.61397,42.57227],[1.6136,42.57217],[1.61328,42.57212],[1.61235,42.57211],[1.61196,42.57205],[1.61162,42.57191],[1.61122,42.57165],[1.61098,42.57155],[1.61072,42.57151],[1.61045,42.5715],[1.61019,42.57152],[1.60959,42.57161],[1.60942,42.57161],[1.60904,42.57158],[1.6088,42.57153],[1.60861,42.57146],[1.60839,42.57134],[1.60829,42.57123],[1.60821,42.57119],[1.60806,42.57112],[1.60781,42.57104],[1.60741,42.57095],[1.60719,42.57091],[1.60702,42.57087],[1.60694,42.57086],[1.60651,42.57078],[1.60626,42.57073],[1.60571,42.57062],[1.60551,42.57057],[1.60532,42.57049],[1.60515,42.57037],[1.60497,42.5702],[1.60486,42.57],[1.60482,42.56994],[1.6048,42.56983],[1.60478,42.56977],[1.60473,42.56951],[1.60453,42.56891],[1.60438,42.56874],[1.60415,42.56861],[1.60374,42.56845],[1.60369,42.56844],[1.60311,42.56826],[1.60266,42.56809],[1.60249,42.56799],[1.60162,42.56752],[1.60148,42.56745],[1.60141,42.56739],[1.60137,42.5674],[1.6013,42.56739],[1.60126,42.56735],[1.60124,42.5673],[1.60107,42.56725],[1.60077,42.56709],[1.60048,42.56693],[1.60014,42.56679],[1.60009,42.5668],[1.60004,42.56679],[1.60001,42.56675],[1.59998,42.56673],[1.59983,42.56669],[1.59945,42.56655],[1.59894,42.56636],[1.59795,42.56594],[1.59759,42.56581],[1.59738,42.56577],[1.59723,42.56577],[1.59703,42.5658],[1.59685,42.56584],[1.59667,42.5659],[1.59665,42.56592],[1.59663,42.56595],[1.59661,42.56597],[1.59658,42.56598],[1.59654,42.56598],[1.59649,42.56597],[1.5961,42.56609],[1.59597,42.56614],[1.59543,42.56626],[1.59491,42.56633],[1.5947,42.56632],[1.59449,42.56628],[1.59336,42.56555],[1.59323,42.56539],[1.59319,42.56523],[1.59321,42.56502],[1.59313,42.56465],[1.59308,42.56463],[1.59303,42.56461],[1.59296,42.56452],[1.59299,42.56443],[1.59225,42.56413],[1.59203,42.56407],[1.59169,42.56407],[1.59144,42.56402],[1.59112,42.56385],[1.59098,42.56367],[1.59059,42.56298],[1.5904,42.56246],[1.59037,42.56206],[1.59023,42.56158],[1.59014,42.56091],[1.58965,42.56006],[1.58923,42.55949],[1.5892,42.55895],[1.58914,42.5587],[1.58884,42.55819],[1.58858,42.55748],[1.58863,42.5566],[1.58871,42.55618],[1.58845,42.55556],[1.58852,42.55491],[1.58847,42.55432],[1.58858,42.55395],[1.58862,42.55341],[1.58875,42.553],[1.58913,42.55253],[1.58999,42.55194],[1.59039,42.55159],[1.5908,42.55102],[1.59071,42.55095],[1.5907,42.55083],[1.59079,42.55077],[1.59096,42.55076],[1.59153,42.54921],[1.59184,42.54757],[1.59176,42.54712],[1.59143,42.54608],[1.59139,42.54576],[1.59143,42.54545],[1.59183,42.54443],[1.59185,42.54413],[1.59178,42.54379],[1.59158,42.54334],[1.59152,42.5431],[1.5915,42.54279],[1.59164,42.54186],[1.59184,42.5416],[1.59227,42.54117],[1.59231,42.54101],[1.59231,42.5408],[1.59221,42.54062],[1.59182,42.54019],[1.59174,42.53989],[1.59174,42.53924],[1.59172,42.53857],[1.59161,42.53825],[1.59137,42.53799],[1.59107,42.53779],[1.5893,42.53702],[1.58909,42.53687],[1.58895,42.53668],[1.58887,42.53643],[1.58845,42.53556],[1.58825,42.53535],[1.58817,42.53536],[1.58811,42.53535],[1.58806,42.53531],[1.58805,42.53525],[1.58805,42.53523],[1.58792,42.53511],[1.58724,42.53467],[1.58615,42.53413],[1.58568,42.53373],[1.58541,42.53353],[1.58524,42.53348],[1.58515,42.53355],[1.58503,42.53354],[1.58496,42.53348],[1.58498,42.53339],[1.58411,42.53259],[1.58349,42.53213],[1.58285,42.53184],[1.58212,42.53174],[1.58013,42.5318],[1.57991,42.53196],[1.57957,42.53186],[1.57976,42.53157],[1.58004,42.53174],[1.57989,42.53187],[1.57775,42.53181],[1.57698,42.53177],[1.57635,42.53164],[1.57481,42.53136],[1.57424,42.53104],[1.5738,42.53076],[1.57351,42.53046],[1.57334,42.53024],[1.57305,42.52983],[1.57283,42.52962],[1.57238,42.52942],[1.57195,42.52932],[1.57177,42.52933],[1.5717,42.52943],[1.57158,42.52951],[1.57149,42.52952],[1.57136,42.52948],[1.57128,42.52939],[1.57129,42.52932],[1.57123,42.52917],[1.5708,42.52889],[1.56849,42.52734],[1.5678,42.527],[1.56598,42.52573],[1.5649,42.52527],[1.5647,42.52521],[1.56452,42.5252],[1.56446,42.52532],[1.56434,42.52536],[1.56418,42.52533],[1.56409,42.52525],[1.56411,42.52516],[1.56419,42.52507],[1.56414,42.52502],[1.56399,42.52498],[1.56312,42.52469],[1.56275,42.52453],[1.5625,42.52435],[1.56192,42.52368],[1.56155,42.52326],[1.56119,42.52295],[1.56062,42.52257],[1.55996,42.52223],[1.55954,42.522],[1.55924,42.52178],[1.55847,42.52116],[1.55754,42.52027],[1.55709,42.51982],[1.55668,42.51927],[1.5566,42.51911],[1.55607,42.51853],[1.55558,42.51819],[1.55546,42.51822],[1.5553,42.51821],[1.55514,42.51812],[1.55509,42.51801],[1.555,42.51793],[1.55479,42.51785],[1.55449,42.51768],[1.55413,42.51738],[1.55369,42.51675],[1.55354,42.5164],[1.55342,42.51592],[1.5533,42.51566],[1.55315,42.51543],[1.55301,42.51523],[1.55283,42.515],[1.5527,42.51461],[1.55271,42.51434],[1.55272,42.51408],[1.55271,42.51392],[1.55264,42.51372],[1.55245,42.51352],[1.55191,42.51322],[1.5517,42.51316],[1.55144,42.51302],[1.55119,42.5128],[1.55094,42.51253],[1.55085,42.51244],[1.5506,42.5123],[1.55058,42.51232],[1.55051,42.51233],[1.55045,42.51232],[1.55041,42.51228],[1.55041,42.51212],[1.55026,42.51203],[1.54925,42.5115],[1.54871,42.51131],[1.54849,42.51101],[1.54842,42.51084],[1.5482,42.51024],[1.54806,42.51008],[1.5481,42.50998],[1.54795,42.50962],[1.5476,42.50888],[1.54751,42.50869],[1.54727,42.5084],[1.54698,42.50827],[1.54664,42.50819],[1.54642,42.5082],[1.5461,42.50827],[1.54511,42.50862],[1.5443,42.50861],[1.54349,42.50831],[1.53979,42.5076],[1.5369,42.5071],[1.53675,42.50719],[1.53662,42.50716],[1.53656,42.50708],[1.53644,42.50705],[1.53448,42.50664],[1.53422,42.50669],[1.53397,42.50652],[1.53203,42.50616],[1.53183,42.50613],[1.53102,42.50593],[1.52847,42.50541],[1.52817,42.50535],[1.52772,42.50535],[1.52747,42.50547],[1.52711,42.50534],[1.52555,42.5051],[1.52376,42.50485],[1.52241,42.50469],[1.52217,42.50484],[1.52193,42.50476],[1.52196,42.50459],[1.52136,42.50444]],[[1.66399,42.58026],[1.66406,42.58025]]],"crs":null},"properties":{"line":"L3"}},{"type":"Feature","geometry":{"type":"MultiLineString","coordinates":[[[1.52133,42.50441],[1.51985,42.50378],[1.5196,42.50374],[1.51952,42.50381],[1.51938,42.50381],[1.5193,42.50378],[1.51908,42.50369],[1.51908,42.50356],[1.51935,42.50345],[1.51961,42.50357],[1.51964,42.50364],[1.5217,42.50446],[1.52728,42.50524],[1.52749,42.50519],[1.52762,42.50523],[1.52819,42.50523],[1.53165,42.50595],[1.53178,42.50592],[1.53193,42.50596],[1.53195,42.50606],[1.53186,42.50615],[1.53168,42.50612],[1.53147,42.50647],[1.53207,42.50673],[1.53217,42.5067],[1.53248,42.50612],[1.53404,42.50641],[1.53433,42.50635],[1.53448,42.50652],[1.53471,42.50657],[1.53657,42.50694],[1.53681,42.50694],[1.53692,42.50705],[1.53997,42.50759],[1.54095,42.50771],[1.54121,42.50776],[1.54155,42.50785],[1.54254,42.50802],[1.54311,42.50815],[1.54363,42.50825],[1.54398,42.50837],[1.54438,42.50848],[1.5451,42.50847],[1.54601,42.50814],[1.54656,42.50811],[1.54705,42.50817],[1.54739,42.50832],[1.54765,42.50857],[1.54796,42.50927],[1.54823,42.50991],[1.54838,42.50994],[1.54853,42.51062],[1.54879,42.51114],[1.54934,42.51141],[1.54993,42.51176],[1.55054,42.51206],[1.55052,42.51212],[1.55052,42.51217],[1.55058,42.51219],[1.55062,42.51222],[1.55063,42.51225],[1.55062,42.51229],[1.55086,42.51243],[1.55094,42.5125],[1.55099,42.51255],[1.55111,42.51268],[1.55122,42.51279],[1.55129,42.51286],[1.55147,42.513],[1.55161,42.51309],[1.55176,42.51316],[1.55195,42.51322],[1.55219,42.51328],[1.55246,42.5134],[1.55268,42.51353],[1.55282,42.51362],[1.55293,42.51372],[1.55307,42.51389],[1.55335,42.51422],[1.55356,42.51453],[1.55389,42.51511],[1.55392,42.51518],[1.554,42.51531],[1.55417,42.51556],[1.55424,42.51585],[1.55424,42.51593],[1.55425,42.51602],[1.55421,42.51618],[1.55398,42.51663],[1.55396,42.51672],[1.55398,42.51685],[1.55404,42.51695],[1.55436,42.5173],[1.55448,42.51741],[1.55472,42.51759],[1.55481,42.51765],[1.55488,42.51769],[1.55505,42.51778],[1.55519,42.51781],[1.5553,42.51776],[1.55541,42.51774],[1.55554,42.51777],[1.55563,42.51779],[1.55568,42.51785],[1.55572,42.51796],[1.55572,42.51805],[1.55579,42.51816],[1.55603,42.51831],[1.55637,42.51859],[1.55658,42.51889],[1.55688,42.51943],[1.55707,42.51966],[1.55726,42.51994],[1.55766,42.52034],[1.55821,42.52084],[1.55851,42.52112],[1.55929,42.52176],[1.55959,42.52198],[1.56055,42.52248],[1.5612,42.52291],[1.56157,42.52322],[1.56196,42.52363],[1.56233,42.52409],[1.56267,42.52442],[1.56282,42.52452],[1.56303,42.5246],[1.5633,42.52471],[1.5638,42.52489],[1.56394,42.52493],[1.56414,42.525],[1.56423,42.52504],[1.56432,42.52503],[1.56449,42.52508],[1.56453,42.52519],[1.5647,42.52519],[1.56495,42.52526],[1.56539,42.52541],[1.56584,42.52559],[1.5663,42.52585],[1.56719,42.5265],[1.56771,42.52687],[1.56795,42.52702],[1.56908,42.52758],[1.56936,42.52777],[1.57104,42.52887],[1.57145,42.52918],[1.57157,42.52924],[1.57168,42.5293],[1.57168,42.52938],[1.57156,42.52947],[1.57143,42.52947],[1.57136,42.52942],[1.57133,42.52932],[1.57141,42.52923],[1.57163,42.52924],[1.5717,42.52925],[1.5718,42.52926],[1.57217,42.5293],[1.57246,42.52939],[1.57282,42.52953],[1.57319,42.52983],[1.57369,42.53052],[1.57414,42.53088],[1.57437,42.531],[1.57464,42.53115],[1.57525,42.53134],[1.57702,42.53166],[1.57959,42.53173],[1.57963,42.53166],[1.57977,42.53154],[1.57997,42.5316],[1.58017,42.53169],[1.58214,42.53163],[1.58284,42.53168],[1.58392,42.53216],[1.58457,42.53277],[1.58484,42.53307],[1.58508,42.53335],[1.58517,42.53335],[1.58524,42.5334],[1.58536,42.53343],[1.58559,42.53352],[1.58604,42.53395],[1.58623,42.53409],[1.58697,42.53446],[1.58708,42.53452],[1.58726,42.53461],[1.58775,42.53492],[1.58809,42.5352],[1.58817,42.53518],[1.58825,42.53521],[1.5883,42.53526],[1.58828,42.53533],[1.58846,42.5355],[1.58858,42.5357],[1.58893,42.53645],[1.58898,42.53663],[1.58914,42.53682],[1.58936,42.53699],[1.58963,42.53712],[1.59083,42.53762],[1.59121,42.5378],[1.5914,42.53793],[1.59158,42.53811],[1.59172,42.53834],[1.59178,42.53854],[1.59179,42.53868],[1.5918,42.53902],[1.5918,42.5394],[1.59181,42.53991],[1.59188,42.54017],[1.592,42.54034],[1.59218,42.54051],[1.5923,42.54064],[1.59237,42.5408],[1.59239,42.54094],[1.59236,42.54111],[1.5923,42.54123],[1.59217,42.54137],[1.5919,42.5416],[1.59174,42.5418],[1.59168,42.54202],[1.59158,42.54268],[1.59158,42.54305],[1.59163,42.54329],[1.59171,42.54353],[1.59182,42.54375],[1.5919,42.54405],[1.59193,42.54425],[1.59192,42.54445],[1.59155,42.54526],[1.59147,42.54559],[1.59145,42.54581],[1.59148,42.54602],[1.59153,42.54625],[1.59179,42.54692],[1.59185,42.54714],[1.5919,42.54741],[1.59192,42.54758],[1.59171,42.54869],[1.59162,42.54912],[1.59151,42.54952],[1.59107,42.55066],[1.59102,42.55077],[1.59109,42.55083],[1.59112,42.55091],[1.59109,42.55099],[1.59101,42.55104],[1.59093,42.55106],[1.59083,42.55107],[1.59069,42.55132],[1.5905,42.55156],[1.59032,42.55175],[1.59012,42.55193],[1.58949,42.55236],[1.58927,42.55251],[1.58911,42.55266],[1.58899,42.55277],[1.58889,42.5529],[1.58877,42.55313],[1.58871,42.55331],[1.58869,42.55343],[1.58867,42.55379],[1.58864,42.55401],[1.58856,42.55423],[1.58855,42.55434],[1.58859,42.55491],[1.58857,42.55507],[1.58854,42.55552],[1.58855,42.55559],[1.58873,42.55598],[1.58878,42.55616],[1.58877,42.5563],[1.58871,42.55662],[1.5887,42.55682],[1.58867,42.55731],[1.58866,42.55746],[1.5887,42.55764],[1.58888,42.55809],[1.58919,42.55868],[1.58923,42.55884],[1.58927,42.55911],[1.58929,42.55936],[1.58929,42.5595],[1.5895,42.55977],[1.58971,42.56005],[1.58991,42.56042],[1.59011,42.5607],[1.59022,42.56092],[1.59026,42.56122],[1.5903,42.56162],[1.5904,42.56195],[1.59044,42.5621],[1.59051,42.56262],[1.59061,42.56288],[1.59094,42.56347],[1.59115,42.5638],[1.59144,42.56397],[1.59218,42.56404],[1.59235,42.5641],[1.59299,42.56439],[1.59313,42.5644],[1.59323,42.56448],[1.59322,42.56455],[1.59319,42.56463],[1.59325,42.56502],[1.59324,42.56528],[1.59334,42.56546],[1.59449,42.56622],[1.59469,42.56628],[1.59497,42.56629],[1.59565,42.56617],[1.59607,42.56607],[1.59648,42.56594],[1.59648,42.5659],[1.59652,42.56588],[1.59655,42.56587],[1.5966,42.56587],[1.59664,42.56589],[1.59674,42.56584],[1.59691,42.56578],[1.59711,42.56575],[1.59736,42.56573],[1.5976,42.56577],[1.59985,42.56667],[1.60001,42.56671],[1.60006,42.56667],[1.60014,42.56668],[1.60018,42.56672],[1.60016,42.56677],[1.60048,42.56692],[1.60069,42.56703],[1.60107,42.56723],[1.60123,42.56728],[1.60129,42.56723],[1.60135,42.56722],[1.60139,42.56722],[1.60144,42.56723],[1.60148,42.56727],[1.60148,42.56733],[1.60146,42.56736],[1.60144,42.56739],[1.60162,42.56752],[1.60165,42.56754],[1.60249,42.56799],[1.60266,42.56809],[1.60311,42.56826],[1.60369,42.56844],[1.60374,42.56845],[1.60415,42.56861],[1.60438,42.56874],[1.60453,42.56891],[1.60473,42.56951],[1.60478,42.56977],[1.6048,42.56983],[1.60482,42.56994],[1.60497,42.5702],[1.60515,42.57037],[1.60532,42.57049],[1.60551,42.57057],[1.60571,42.57062],[1.60626,42.57073],[1.60651,42.57078],[1.60689,42.57085],[1.60694,42.57086],[1.60702,42.57087],[1.60719,42.57091],[1.60781,42.57104],[1.60806,42.57112],[1.60821,42.57119],[1.60829,42.57123],[1.60841,42.57126],[1.60881,42.57144],[1.60908,42.5715],[1.60935,42.57152],[1.60974,42.5715],[1.6104,42.57141],[1.61068,42.57141],[1.61089,42.57143],[1.61112,42.5715],[1.61135,42.5716],[1.6115,42.57171],[1.61182,42.5719],[1.61218,42.572],[1.6126,42.57202],[1.61335,42.57203],[1.61367,42.57209],[1.61414,42.57221],[1.61434,42.57227],[1.61491,42.57245],[1.61538,42.57259],[1.61592,42.57282],[1.61602,42.57285],[1.61653,42.573],[1.61683,42.57307],[1.61714,42.57315],[1.61728,42.57319],[1.61761,42.57328],[1.61803,42.57346],[1.61829,42.57362],[1.61868,42.57394],[1.61889,42.57408],[1.61911,42.57414],[1.61969,42.57422],[1.62054,42.57439],[1.62098,42.57453],[1.62137,42.5747],[1.62137,42.5747],[1.62161,42.57487],[1.62199,42.57523],[1.62223,42.57549],[1.62245,42.57568],[1.62269,42.57579],[1.62321,42.57594],[1.62421,42.57615],[1.62463,42.57631],[1.62506,42.57652],[1.62535,42.57671],[1.62557,42.57694],[1.62578,42.57729],[1.62594,42.57748],[1.62608,42.57762],[1.62646,42.5778],[1.62683,42.57785],[1.6281,42.57768],[1.62843,42.5777],[1.62848,42.57772],[1.62878,42.57779],[1.62929,42.57804],[1.62969,42.57824],[1.63012,42.57842],[1.63037,42.57851],[1.6309,42.57855],[1.63226,42.57827],[1.63296,42.57818],[1.63368,42.57815],[1.63384,42.57814],[1.63397,42.57812],[1.634,42.57808],[1.63403,42.57805],[1.63412,42.57802],[1.63417,42.57802],[1.63422,42.57803],[1.63429,42.57808],[1.63432,42.57812],[1.63447,42.57821],[1.63466,42.57826],[1.63476,42.57828],[1.63521,42.57834],[1.63559,42.57842],[1.63593,42.57852],[1.63671,42.57878],[1.63722,42.57885],[1.63742,42.57885],[1.63789,42.57883],[1.63835,42.57877],[1.63875,42.57875],[1.639,42.57882],[1.63925,42.57892],[1.6395,42.57903],[1.63952,42.57905],[1.63986,42.5792],[1.64042,42.57941],[1.64078,42.57947],[1.64138,42.57949],[1.64154,42.57949],[1.64181,42.5795],[1.64221,42.57951],[1.64254,42.57953],[1.64257,42.57954],[1.64276,42.57955],[1.64331,42.57957],[1.64397,42.57961],[1.6447,42.57969],[1.64562,42.57982],[1.64566,42.57978],[1.6457,42.57976],[1.64574,42.57976],[1.64584,42.57979],[1.64587,42.57983],[1.64588,42.57988],[1.64586,42.57992],[1.64593,42.57997],[1.64641,42.58015],[1.64698,42.58027],[1.64733,42.58027],[1.64778,42.58019],[1.64821,42.58003],[1.64855,42.5799],[1.64909,42.57972],[1.6493,42.57963],[1.64937,42.57958],[1.64948,42.57951],[1.64955,42.57945],[1.64973,42.57914],[1.64984,42.57893],[1.65005,42.57877],[1.65034,42.57871],[1.65063,42.57865],[1.65115,42.57855],[1.65181,42.57843],[1.65238,42.57824],[1.6527,42.57815],[1.65301,42.57801],[1.65346,42.57787],[1.65388,42.57776],[1.65409,42.57772],[1.65442,42.57765],[1.65493,42.5776],[1.6554,42.57763],[1.65576,42.57768],[1.65622,42.57783],[1.65667,42.57801],[1.65706,42.57823],[1.65786,42.5788],[1.65813,42.57898],[1.65865,42.57931],[1.65873,42.57936],[1.6588,42.57941],[1.65894,42.57949],[1.65963,42.57994],[1.65984,42.58008],[1.66044,42.5805],[1.6609,42.5809],[1.66144,42.58147],[1.66187,42.5819],[1.66224,42.58231],[1.66255,42.5827],[1.66263,42.5828],[1.66301,42.58329],[1.66316,42.58352],[1.66332,42.58371],[1.66346,42.5838],[1.66356,42.58385],[1.66372,42.58389],[1.6639,42.58389],[1.66409,42.58387],[1.66437,42.58377],[1.66456,42.58361],[1.66462,42.58335],[1.66456,42.58288],[1.66449,42.58235],[1.66448,42.58184],[1.66445,42.58149],[1.6644,42.5813],[1.66439,42.58127],[1.66422,42.58082],[1.66397,42.58022],[1.6639,42.58006],[1.66378,42.5797],[1.66371,42.57931],[1.66367,42.57913],[1.66359,42.57892],[1.66328,42.57861],[1.66311,42.5783],[1.66301,42.57803],[1.66304,42.57778],[1.66316,42.57765],[1.6633,42.57755],[1.66351,42.57751],[1.66375,42.57748],[1.66407,42.57747],[1.66422,42.57746],[1.6659,42.57709],[1.66613,42.57702],[1.66623,42.577],[1.66631,42.57698],[1.66635,42.57697],[1.66649,42.57694],[1.66663,42.5769],[1.66673,42.57688],[1.66677,42.57687],[1.66689,42.57684],[1.66694,42.57683],[1.66713,42.57679],[1.66775,42.57672],[1.66802,42.5767],[1.6681,42.57668],[1.66818,42.57666],[1.66838,42.5766],[1.66866,42.57647],[1.66927,42.57618]],[[1.58979,42.56009],[1.58989,42.56006]],[[1.60478,42.56977],[1.60488,42.56976],[1.60486,42.56969]]],"crs":null},"properties":{"line":"L3"}},{"type":"Feature","geometry":{"type":"MultiLineString","coordinates":[[[1.73387,42.5436],[1.734,42.54368],[1.73413,42.5437],[1.73442,42.54372],[1.73467,42.54372],[1.73492,42.54366],[1.73509,42.54356],[1.73539,42.54338],[1.73545,42.54336],[1.73553,42.54337],[1.73562,42.5434],[1.73564,42.54341],[1.7357,42.54344],[1.7358,42.54352],[1.73594,42.54366],[1.73614,42.54384],[1.73622,42.54393],[1.73634,42.54415],[1.73649,42.54464],[1.73665,42.54543],[1.73674,42.54575],[1.73681,42.54628],[1.73686,42.5465],[1.73691,42.54662],[1.7372,42.547],[1.73732,42.54719],[1.73748,42.54765],[1.73773,42.54812],[1.73777,42.5483],[1.73786,42.54887],[1.73805,42.54893],[1.7381,42.54905],[1.73809,42.5492],[1.73794,42.54928],[1.73777,42.54928],[1.73761,42.5491],[1.73715,42.54904],[1.73651,42.54892],[1.73569,42.54866],[1.73487,42.54815],[1.7346,42.54795],[1.73446,42.54787],[1.73429,42.54787],[1.73414,42.54782],[1.73406,42.54773],[1.73404,42.54765],[1.73401,42.54759],[1.73387,42.54739],[1.73353,42.5471],[1.73299,42.54674],[1.73215,42.54633],[1.73086,42.54589],[1.72971,42.54565],[1.72776,42.5454],[1.72624,42.54523],[1.72393,42.54498],[1.72227,42.54483],[1.71928,42.54456],[1.71555,42.54438],[1.71326,42.54427],[1.70863,42.54438],[1.70603,42.54477],[1.70394,42.54521],[1.70225,42.54569],[1.7011,42.54611],[1.70048,42.54635],[1.69986,42.54664],[1.69949,42.54682],[1.69925,42.54697],[1.69894,42.54716],[1.6987,42.54732],[1.69826,42.54771],[1.69808,42.54793],[1.6977,42.54839],[1.6968,42.54945],[1.69629,42.55006],[1.69611,42.55032],[1.69589,42.55063],[1.69582,42.55078],[1.69577,42.55088],[1.6956,42.55105],[1.69548,42.55115],[1.69543,42.55126],[1.69541,42.55136],[1.69558,42.55141],[1.69572,42.55149],[1.69577,42.55155],[1.69578,42.55163],[1.69577,42.5517],[1.69573,42.55176],[1.69566,42.55179],[1.69556,42.55182],[1.69543,42.55183],[1.69527,42.55179],[1.69516,42.55173],[1.69486,42.55188],[1.69441,42.55219],[1.69385,42.55256],[1.69331,42.55291],[1.69272,42.55332],[1.69187,42.55401],[1.69113,42.55479],[1.68964,42.55648],[1.68916,42.55709],[1.68888,42.55737],[1.68854,42.55765],[1.68852,42.55767],[1.68841,42.55775],[1.68745,42.55838],[1.68669,42.5589],[1.68578,42.55958],[1.68504,42.5601],[1.68489,42.5602],[1.68419,42.5607],[1.68317,42.56122],[1.68278,42.56153],[1.68218,42.56204],[1.68046,42.56372],[1.68014,42.56403],[1.67977,42.56441],[1.67965,42.56463],[1.67959,42.56545],[1.67945,42.56582],[1.67869,42.56705],[1.67858,42.56732],[1.67861,42.56795],[1.6786,42.56826],[1.67844,42.56886],[1.67833,42.56936],[1.67829,42.56956],[1.67817,42.56984],[1.67791,42.57016],[1.67752,42.5706],[1.67706,42.57127],[1.67675,42.57164],[1.67636,42.57197],[1.67582,42.57231],[1.67536,42.57264],[1.67488,42.57313],[1.6746,42.57344],[1.67424,42.57396],[1.67399,42.57415],[1.67368,42.57434],[1.67339,42.57439],[1.67312,42.57449],[1.6726,42.57498],[1.67242,42.5751],[1.67188,42.5753],[1.67133,42.57554],[1.67126,42.57557],[1.67097,42.57562],[1.67068,42.57571],[1.6694,42.57612],[1.66927,42.57618],[1.66838,42.5766],[1.66818,42.57666],[1.6681,42.57668],[1.66802,42.5767],[1.66775,42.57672],[1.66713,42.57679],[1.66689,42.57684],[1.66677,42.57687],[1.66652,42.577],[1.66598,42.57711],[1.66432,42.57752],[1.66407,42.57747],[1.66375,42.57748],[1.66351,42.57751],[1.6633,42.57755],[1.66316,42.57765],[1.66304,42.57778],[1.66301,42.57803],[1.66311,42.5783],[1.66328,42.57861],[1.66359,42.57892],[1.66367,42.57913],[1.66371,42.57931],[1.66378,42.5797],[1.6639,42.58006],[1.66399,42.58026],[1.66422,42.58082],[1.66439,42.58127],[1.6644,42.5813],[1.66445,42.58149],[1.66448,42.58184],[1.66449,42.58235],[1.66456,42.58288],[1.66462,42.58335],[1.66456,42.58361],[1.66437,42.58377],[1.66409,42.58387],[1.6639,42.58389],[1.66372,42.58389],[1.66356,42.58385],[1.66346,42.5838],[1.66332,42.58371],[1.66316,42.58352],[1.66301,42.58329],[1.66263,42.5828],[1.66224,42.58231],[1.66187,42.5819],[1.66144,42.58147],[1.6609,42.5809],[1.66044,42.5805],[1.65984,42.58008],[1.65894,42.57949],[1.6588,42.57941],[1.65873,42.57936],[1.65865,42.57931],[1.65813,42.57898],[1.65786,42.5788],[1.65706,42.57823],[1.65667,42.57801],[1.65622,42.57783],[1.65576,42.57768],[1.6554,42.57763],[1.65493,42.5776],[1.65442,42.57765],[1.65409,42.57772],[1.65388,42.57776],[1.65346,42.57787],[1.65301,42.57801],[1.6527,42.57815],[1.65238,42.57824],[1.65181,42.57843],[1.65115,42.57855],[1.65063,42.57865],[1.65034,42.57871],[1.65005,42.57877],[1.64984,42.57893],[1.64973,42.57914],[1.64955,42.57945],[1.64948,42.57951],[1.64937,42.57958],[1.6493,42.57963],[1.64909,42.57972],[1.64855,42.5799],[1.64821,42.58003],[1.64778,42.58019],[1.64733,42.58027],[1.64698,42.58027],[1.64641,42.58015],[1.64591,42.57998],[1.64585,42.57993],[1.64582,42.57995],[1.64578,42.57996],[1.64572,42.57997],[1.64566,42.57995],[1.6456,42.5799],[1.64559,42.57984],[1.64511,42.57978],[1.64466,42.57971],[1.64397,42.57961],[1.64331,42.57957],[1.64276,42.57955],[1.64257,42.57954],[1.64221,42.57951],[1.64181,42.5795],[1.64162,42.57949],[1.64154,42.57949],[1.64138,42.57949],[1.64078,42.57947],[1.64042,42.57941],[1.63986,42.5792],[1.6395,42.57903],[1.63932,42.57895],[1.63925,42.57892],[1.639,42.57882],[1.63875,42.57875],[1.63835,42.57877],[1.63789,42.57883],[1.63742,42.57885],[1.63722,42.57885],[1.63671,42.57878],[1.63593,42.57852],[1.63559,42.57842],[1.63521,42.57834],[1.63476,42.57828],[1.63466,42.57826],[1.63447,42.57826],[1.63426,42.57825],[1.63422,42.57827],[1.63419,42.57828],[1.63411,42.57828],[1.63407,42.57827],[1.63403,42.57825],[1.63381,42.57822],[1.63334,42.57823],[1.63285,42.57826],[1.63211,42.57837],[1.63157,42.57847],[1.63095,42.57858],[1.63078,42.57859],[1.6305,42.57856],[1.63026,42.5785],[1.63012,42.57842],[1.62969,42.57824],[1.62929,42.57804],[1.62878,42.57779],[1.6285,42.57772],[1.62843,42.5777],[1.6281,42.57768],[1.62683,42.57785],[1.62646,42.5778],[1.62608,42.57762],[1.62594,42.57748],[1.62578,42.57729],[1.62557,42.57694],[1.62535,42.57671],[1.62506,42.57652],[1.62463,42.57631],[1.62421,42.57615],[1.62321,42.57594],[1.62269,42.57579],[1.62245,42.57568],[1.62223,42.57549],[1.62199,42.57523],[1.62161,42.57487],[1.62137,42.5747],[1.62098,42.57453],[1.62054,42.57439],[1.61969,42.57422],[1.61911,42.57414],[1.61889,42.57408],[1.61868,42.57394],[1.61829,42.57362],[1.61803,42.57346],[1.61761,42.57328],[1.61728,42.57319],[1.61714,42.57315],[1.61683,42.57307],[1.61653,42.573],[1.61602,42.57285],[1.61592,42.57282],[1.61504,42.57257],[1.61455,42.57243],[1.61431,42.57236],[1.61399,42.57228],[1.61397,42.57227],[1.6136,42.57217],[1.61328,42.57212],[1.61235,42.57211],[1.61196,42.57205],[1.61162,42.57191],[1.61122,42.57165],[1.61098,42.57155],[1.61072,42.57151],[1.61045,42.5715],[1.61019,42.57152],[1.60959,42.57161],[1.60942,42.57161],[1.60904,42.57158],[1.6088,42.57153],[1.60861,42.57146],[1.60839,42.57134],[1.60829,42.57123],[1.60821,42.57119],[1.60806,42.57112],[1.60781,42.57104],[1.60741,42.57095],[1.60719,42.57091],[1.60702,42.57087],[1.60694,42.57086],[1.60651,42.57078],[1.60626,42.57073],[1.60571,42.57062],[1.60551,42.57057],[1.60532,42.57049],[1.60515,42.57037],[1.60497,42.5702],[1.60486,42.57],[1.60482,42.56994],[1.6048,42.56983],[1.60478,42.56977],[1.60473,42.56951],[1.60453,42.56891],[1.60438,42.56874],[1.60415,42.56861],[1.60374,42.56845],[1.60369,42.56844],[1.60311,42.56826],[1.60266,42.56809],[1.60249,42.56799],[1.60162,42.56752],[1.60148,42.56745],[1.60141,42.56739],[1.60137,42.5674],[1.6013,42.56739],[1.60126,42.56735],[1.60124,42.5673],[1.60107,42.56725],[1.60077,42.56709],[1.60048,42.56693],[1.60014,42.56679],[1.60009,42.5668],[1.60004,42.56679],[1.60001,42.56675],[1.59998,42.56673],[1.59983,42.56669],[1.59945,42.56655],[1.59894,42.56636],[1.59795,42.56594],[1.59759,42.56581],[1.59738,42.56577],[1.59723,42.56577],[1.59703,42.5658],[1.59685,42.56584],[1.59667,42.5659],[1.59665,42.56592],[1.59663,42.56595],[1.59661,42.56597],[1.59658,42.56598],[1.59654,42.56598],[1.59649,42.56597],[1.5961,42.56609],[1.59597,42.56614],[1.59543,42.56626],[1.59491,42.56633],[1.5947,42.56632],[1.59449,42.56628],[1.59336,42.56555],[1.59323,42.56539],[1.59319,42.56523],[1.59321,42.56502],[1.59313,42.56465],[1.59308,42.56463],[1.59303,42.56461],[1.59296,42.56452],[1.59299,42.56443],[1.59225,42.56413],[1.59203,42.56407],[1.59169,42.56407],[1.59144,42.56402],[1.59112,42.56385],[1.59098,42.56367],[1.59059,42.56298],[1.5904,42.56246],[1.59037,42.56206],[1.59023,42.56158],[1.59014,42.56091],[1.58965,42.56006],[1.58923,42.55949],[1.5892,42.55895],[1.58914,42.5587],[1.58884,42.55819],[1.58858,42.55748],[1.58863,42.5566],[1.58871,42.55618],[1.58845,42.55556],[1.58852,42.55491],[1.58847,42.55432],[1.58858,42.55395],[1.58862,42.55341],[1.58875,42.553],[1.58913,42.55253],[1.58999,42.55194],[1.59039,42.55159],[1.5908,42.55102],[1.59071,42.55095],[1.5907,42.55083],[1.59079,42.55077],[1.59096,42.55076],[1.59153,42.54921],[1.59184,42.54757],[1.59176,42.54712],[1.59143,42.54608],[1.59139,42.54576],[1.59143,42.54545],[1.59183,42.54443],[1.59185,42.54413],[1.59178,42.54379],[1.59158,42.54334],[1.59152,42.5431],[1.5915,42.54279],[1.59164,42.54186],[1.59184,42.5416],[1.59227,42.54117],[1.59231,42.54101],[1.59231,42.5408],[1.59221,42.54062],[1.59182,42.54019],[1.59174,42.53989],[1.59174,42.53924],[1.59172,42.53857],[1.59161,42.53825],[1.59137,42.53799],[1.59107,42.53779],[1.5893,42.53702],[1.58909,42.53687],[1.58895,42.53668],[1.58887,42.53643],[1.58845,42.53556],[1.58825,42.53535],[1.58817,42.53536],[1.58811,42.53535],[1.58806,42.53531],[1.58805,42.53525],[1.58808,42.53521],[1.58724,42.53467],[1.58615,42.53412],[1.58557,42.53361],[1.58522,42.53346],[1.58516,42.53355],[1.58507,42.53353],[1.58496,42.53365],[1.58504,42.53387],[1.58518,42.53404],[1.58557,42.53444],[1.58586,42.53478],[1.5857,42.53518],[1.58527,42.53587],[1.58485,42.53666],[1.58458,42.53721],[1.58412,42.53733],[1.58366,42.53712],[1.58226,42.53617],[1.58186,42.5359],[1.58052,42.5341],[1.58038,42.53402],[1.58041,42.53388],[1.57983,42.53348],[1.57852,42.5331],[1.57732,42.53295],[1.57622,42.53282],[1.57602,42.53279],[1.57466,42.53247],[1.57438,42.53238],[1.57376,42.53211],[1.57322,42.53166],[1.57191,42.52978],[1.57157,42.52953],[1.57151,42.52953],[1.57136,42.52948],[1.57128,42.52939],[1.57129,42.52932],[1.57118,42.52918],[1.5708,42.52889],[1.56849,42.52734],[1.5678,42.527],[1.56598,42.52573],[1.5649,42.52527],[1.5647,42.52521],[1.56452,42.5252],[1.56446,42.52532],[1.56434,42.52536],[1.56418,42.52533],[1.56409,42.52525],[1.56411,42.52516],[1.56419,42.52507],[1.56414,42.52502],[1.56399,42.52498],[1.56312,42.52469],[1.56275,42.52453],[1.5625,42.52435],[1.56192,42.52368],[1.56155,42.52326],[1.56119,42.52295],[1.56062,42.52257],[1.55996,42.52223],[1.55954,42.522],[1.55924,42.52178],[1.55847,42.52116],[1.55754,42.52027],[1.55709,42.51982],[1.55668,42.51927],[1.5566,42.51911],[1.55607,42.51853],[1.55558,42.51819],[1.55546,42.51822],[1.5553,42.51821],[1.55514,42.51812],[1.55509,42.51801],[1.555,42.51793],[1.55479,42.51785],[1.55449,42.51768],[1.55413,42.51738],[1.55369,42.51675],[1.55354,42.5164],[1.55342,42.51592],[1.5533,42.51566],[1.55315,42.51543],[1.55301,42.51523],[1.55283,42.515],[1.5527,42.51461],[1.55271,42.51434],[1.55272,42.51408],[1.55271,42.51392],[1.55264,42.51372],[1.55245,42.51352],[1.55191,42.51322],[1.5517,42.51316],[1.55144,42.51302],[1.55119,42.5128],[1.55094,42.51253],[1.55085,42.51244],[1.55067,42.51237],[1.55043,42.51234],[1.55037,42.51222],[1.55048,42.51212],[1.55039,42.51206],[1.5494,42.5115],[1.54872,42.51127],[1.5485,42.51104],[1.54825,42.5102],[1.54814,42.51009],[1.5479,42.50943],[1.54748,42.50848],[1.5469,42.50822],[1.54646,42.50817],[1.54601,42.50827],[1.54507,42.5086],[1.54443,42.50863],[1.54341,42.50829],[1.54174,42.50798],[1.53929,42.50752],[1.53685,42.50708],[1.53667,42.50711],[1.53639,42.50701],[1.53452,42.50664],[1.53424,42.50664],[1.53394,42.50653],[1.53295,42.50632],[1.53214,42.50616],[1.53192,42.50611],[1.53172,42.50617],[1.53164,42.50605],[1.53143,42.50602],[1.52942,42.50556],[1.52826,42.50535],[1.52766,42.50534],[1.52749,42.50545],[1.52724,42.50532],[1.52666,42.50526],[1.52512,42.50506],[1.5237,42.50486],[1.52235,42.50465],[1.52223,42.50481],[1.52207,42.50482],[1.52193,42.50476],[1.52196,42.50459],[1.52136,42.50444]],[[1.66399,42.58026],[1.66406,42.58025]]],"crs":null},"properties":{"line":"L4"}},{"type":"Feature","geometry":{"type":"MultiLineString","coordinates":[[[1.52133,42.50441],[1.51985,42.50378],[1.5196,42.50374],[1.51952,42.50381],[1.51938,42.50381],[1.51913,42.50371],[1.51909,42.50359],[1.51936,42.50344],[1.51956,42.50351],[1.51967,42.50365],[1.52057,42.50401],[1.52163,42.50442],[1.52267,42.50457],[1.52295,42.50462],[1.52716,42.5052],[1.5276,42.50525],[1.52824,42.50523],[1.53149,42.50593],[1.53168,42.50592],[1.53182,42.50592],[1.53191,42.50596],[1.53195,42.50606],[1.53185,42.50614],[1.53168,42.50615],[1.53147,42.50647],[1.53201,42.50669],[1.53207,42.50669],[1.53216,42.50668],[1.5322,42.50663],[1.53247,42.5061],[1.53406,42.50643],[1.5343,42.50635],[1.53449,42.50655],[1.53663,42.50699],[1.53685,42.50694],[1.53696,42.50706],[1.54193,42.50797],[1.54343,42.50824],[1.54445,42.50852],[1.54485,42.5085],[1.5461,42.50817],[1.54686,42.50811],[1.5472,42.50828],[1.54754,42.5085],[1.54774,42.50893],[1.54826,42.50997],[1.54874,42.51109],[1.54892,42.51124],[1.54926,42.51141],[1.55069,42.5121],[1.55086,42.51243],[1.55094,42.5125],[1.55099,42.51255],[1.55111,42.51268],[1.55122,42.51279],[1.55129,42.51286],[1.55147,42.513],[1.55161,42.51309],[1.55176,42.51316],[1.55195,42.51322],[1.55219,42.51328],[1.55246,42.5134],[1.55268,42.51353],[1.55282,42.51362],[1.55293,42.51372],[1.55307,42.51389],[1.55335,42.51422],[1.55356,42.51453],[1.55389,42.51511],[1.55392,42.51518],[1.554,42.51531],[1.55417,42.51556],[1.55424,42.51585],[1.55424,42.51593],[1.55425,42.51602],[1.55421,42.51618],[1.55398,42.51663],[1.55396,42.51672],[1.55398,42.51685],[1.55404,42.51695],[1.55436,42.5173],[1.55448,42.51741],[1.55472,42.51759],[1.55481,42.51765],[1.55488,42.51769],[1.55505,42.51778],[1.55519,42.51781],[1.5553,42.51776],[1.55541,42.51774],[1.55554,42.51777],[1.55563,42.51779],[1.55568,42.51785],[1.55572,42.51796],[1.55572,42.51805],[1.55579,42.51816],[1.55603,42.51831],[1.55637,42.51859],[1.55658,42.51889],[1.55688,42.51943],[1.55707,42.51966],[1.55726,42.51994],[1.55766,42.52034],[1.55821,42.52084],[1.55851,42.52112],[1.55929,42.52176],[1.55959,42.52198],[1.56055,42.52248],[1.5612,42.52291],[1.56157,42.52322],[1.56196,42.52363],[1.56233,42.52409],[1.56267,42.52442],[1.56282,42.52452],[1.56303,42.5246],[1.5633,42.52471],[1.5638,42.52489],[1.56394,42.52493],[1.56414,42.525],[1.56423,42.52504],[1.56432,42.52503],[1.56449,42.52508],[1.56453,42.52519],[1.5647,42.52519],[1.56495,42.52526],[1.56539,42.52541],[1.56584,42.52559],[1.5663,42.52585],[1.56719,42.5265],[1.56771,42.52687],[1.56795,42.52702],[1.56908,42.52758],[1.56936,42.52777],[1.57098,42.52886],[1.57144,42.5292],[1.5716,42.52922],[1.57168,42.52926],[1.57171,42.52932],[1.57172,42.52935],[1.57173,42.52938],[1.57271,42.5308],[1.57322,42.53152],[1.57376,42.53196],[1.57421,42.53219],[1.5746,42.53235],[1.57611,42.5327],[1.57839,42.53295],[1.57939,42.53321],[1.5798,42.53335],[1.58014,42.53354],[1.58044,42.53384],[1.58068,42.53388],[1.58072,42.53396],[1.58072,42.53404],[1.58062,42.53409],[1.58145,42.53519],[1.58196,42.53585],[1.58231,42.53609],[1.5834,42.53682],[1.584,42.53723],[1.58419,42.53725],[1.58435,42.53723],[1.58446,42.53717],[1.58472,42.53676],[1.58532,42.53561],[1.58571,42.53496],[1.58575,42.53475],[1.58548,42.53446],[1.58504,42.53403],[1.58492,42.53384],[1.58487,42.53359],[1.58498,42.53334],[1.58518,42.53333],[1.5853,42.53335],[1.58551,42.53346],[1.58567,42.53358],[1.58604,42.53395],[1.58617,42.53411],[1.58699,42.53451],[1.5871,42.53456],[1.5872,42.53462],[1.58767,42.5349],[1.58809,42.5352],[1.58817,42.53518],[1.58825,42.53521],[1.5883,42.53526],[1.58828,42.53533],[1.58846,42.5355],[1.58858,42.5357],[1.58893,42.53645],[1.58898,42.53663],[1.58914,42.53682],[1.58936,42.53699],[1.58963,42.53712],[1.59083,42.53762],[1.59121,42.5378],[1.5914,42.53793],[1.59158,42.53811],[1.59172,42.53834],[1.59178,42.53854],[1.59179,42.53868],[1.5918,42.53902],[1.5918,42.5394],[1.59181,42.53991],[1.59188,42.54017],[1.592,42.54034],[1.59218,42.54051],[1.5923,42.54064],[1.59237,42.5408],[1.59239,42.54094],[1.59236,42.54111],[1.5923,42.54123],[1.59217,42.54137],[1.5919,42.5416],[1.59174,42.5418],[1.59168,42.54202],[1.59158,42.54268],[1.59158,42.54305],[1.59163,42.54329],[1.59171,42.54353],[1.59182,42.54375],[1.5919,42.54405],[1.59193,42.54425],[1.59192,42.54445],[1.59155,42.54526],[1.59147,42.54559],[1.59145,42.54581],[1.59148,42.54602],[1.59153,42.54625],[1.59179,42.54692],[1.59185,42.54714],[1.5919,42.54741],[1.59192,42.54758],[1.59171,42.54869],[1.59162,42.54912],[1.59151,42.54952],[1.59107,42.55066],[1.59102,42.55077],[1.59109,42.55083],[1.59112,42.55091],[1.59109,42.55099],[1.59101,42.55104],[1.59093,42.55106],[1.59083,42.55107],[1.59069,42.55132],[1.5905,42.55156],[1.59032,42.55175],[1.59012,42.55193],[1.58949,42.55236],[1.58927,42.55251],[1.58911,42.55266],[1.58899,42.55277],[1.58889,42.5529],[1.58877,42.55313],[1.58871,42.55331],[1.58869,42.55343],[1.58867,42.55379],[1.58864,42.55401],[1.58856,42.55423],[1.58855,42.55434],[1.58859,42.55491],[1.58857,42.55507],[1.58854,42.55552],[1.58855,42.55559],[1.58873,42.55598],[1.58878,42.55616],[1.58877,42.5563],[1.58871,42.55662],[1.5887,42.55682],[1.58867,42.55731],[1.58866,42.55746],[1.5887,42.55764],[1.58888,42.55809],[1.58919,42.55868],[1.58923,42.55884],[1.58927,42.55911],[1.58929,42.55936],[1.58929,42.5595],[1.5895,42.55977],[1.58971,42.56005],[1.58991,42.56042],[1.59011,42.5607],[1.59022,42.56092],[1.59026,42.56122],[1.5903,42.56162],[1.5904,42.56195],[1.59044,42.5621],[1.59051,42.56262],[1.59061,42.56288],[1.59094,42.56347],[1.59115,42.5638],[1.59144,42.56397],[1.59218,42.56404],[1.59235,42.5641],[1.59299,42.56439],[1.59313,42.5644],[1.59323,42.56448],[1.59322,42.56455],[1.59319,42.56463],[1.59325,42.56502],[1.59324,42.56528],[1.59334,42.56546],[1.59449,42.56622],[1.59469,42.56628],[1.59497,42.56629],[1.59565,42.56617],[1.59607,42.56607],[1.59648,42.56594],[1.59648,42.5659],[1.59652,42.56588],[1.59655,42.56587],[1.5966,42.56587],[1.59664,42.56589],[1.59674,42.56584],[1.59691,42.56578],[1.59711,42.56575],[1.59736,42.56573],[1.5976,42.56577],[1.59985,42.56667],[1.60001,42.56671],[1.60006,42.56667],[1.60014,42.56668],[1.60018,42.56672],[1.60016,42.56677],[1.60048,42.56692],[1.60069,42.56703],[1.60107,42.56723],[1.60123,42.56728],[1.60129,42.56723],[1.60135,42.56722],[1.60139,42.56722],[1.60144,42.56723],[1.60148,42.56727],[1.60148,42.56733],[1.60146,42.56736],[1.60144,42.56739],[1.60162,42.56752],[1.60165,42.56754],[1.60249,42.56799],[1.60266,42.56809],[1.60311,42.56826],[1.60369,42.56844],[1.60374,42.56845],[1.60415,42.56861],[1.60438,42.56874],[1.60453,42.56891],[1.60473,42.56951],[1.60478,42.56977],[1.6048,42.56983],[1.60482,42.56994],[1.60497,42.5702],[1.60515,42.57037],[1.60532,42.57049],[1.60551,42.57057],[1.60571,42.57062],[1.60626,42.57073],[1.60651,42.57078],[1.60689,42.57085],[1.60694,42.57086],[1.60702,42.57087],[1.60719,42.57091],[1.60781,42.57104],[1.60806,42.57112],[1.60821,42.57119],[1.60829,42.57123],[1.60841,42.57126],[1.60881,42.57144],[1.60908,42.5715],[1.60935,42.57152],[1.60974,42.5715],[1.6104,42.57141],[1.61068,42.57141],[1.61089,42.57143],[1.61112,42.5715],[1.61135,42.5716],[1.6115,42.57171],[1.61182,42.5719],[1.61218,42.572],[1.6126,42.57202],[1.61335,42.57203],[1.61367,42.57209],[1.61414,42.57221],[1.61434,42.57227],[1.61491,42.57245],[1.61538,42.57259],[1.61592,42.57282],[1.61602,42.57285],[1.61653,42.573],[1.61683,42.57307],[1.61714,42.57315],[1.61728,42.57319],[1.61761,42.57328],[1.61803,42.57346],[1.61829,42.57362],[1.61868,42.57394],[1.61889,42.57408],[1.61911,42.57414],[1.61969,42.57422],[1.62054,42.57439],[1.62098,42.57453],[1.62137,42.5747],[1.62137,42.5747],[1.62161,42.57487],[1.62199,42.57523],[1.62223,42.57549],[1.62245,42.57568],[1.62269,42.57579],[1.62321,42.57594],[1.62421,42.57615],[1.62463,42.57631],[1.62506,42.57652],[1.62535,42.57671],[1.62557,42.57694],[1.62578,42.57729],[1.62594,42.57748],[1.62608,42.57762],[1.62646,42.5778],[1.62683,42.57785],[1.6281,42.57768],[1.62843,42.5777],[1.62848,42.57772],[1.62878,42.57779],[1.62929,42.57804],[1.62969,42.57824],[1.63012,42.57842],[1.63037,42.57851],[1.6309,42.57855],[1.63226,42.57827],[1.63296,42.57818],[1.63368,42.57815],[1.63384,42.57814],[1.63397,42.57812],[1.634,42.57808],[1.63403,42.57805],[1.63412,42.57802],[1.63417,42.57802],[1.63422,42.57803],[1.63429,42.57808],[1.63432,42.57812],[1.63447,42.57821],[1.63466,42.57826],[1.63476,42.57828],[1.63521,42.57834],[1.63559,42.57842],[1.63593,42.57852],[1.63671,42.57878],[1.63722,42.57885],[1.63742,42.57885],[1.63789,42.57883],[1.63835,42.57877],[1.63875,42.57875],[1.639,42.57882],[1.63925,42.57892],[1.6395,42.57903],[1.63952,42.57905],[1.63986,42.5792],[1.64042,42.57941],[1.64078,42.57947],[1.64138,42.57949],[1.64154,42.57949],[1.64181,42.5795],[1.64221,42.57951],[1.64254,42.57953],[1.64257,42.57954],[1.64276,42.57955],[1.64331,42.57957],[1.64397,42.57961],[1.6447,42.57969],[1.64562,42.57982],[1.64566,42.57978],[1.6457,42.57976],[1.64574,42.57976],[1.64584,42.57979],[1.64587,42.57983],[1.64588,42.57988],[1.64586,42.57992],[1.64593,42.57997],[1.64641,42.58015],[1.64698,42.58027],[1.64733,42.58027],[1.64778,42.58019],[1.64821,42.58003],[1.64855,42.5799],[1.64909,42.57972],[1.6493,42.57963],[1.64937,42.57958],[1.64948,42.57951],[1.64955,42.57945],[1.64973,42.57914],[1.64984,42.57893],[1.65005,42.57877],[1.65034,42.57871],[1.65063,42.57865],[1.65115,42.57855],[1.65181,42.57843],[1.65238,42.57824],[1.6527,42.57815],[1.65301,42.57801],[1.65346,42.57787],[1.65388,42.57776],[1.65409,42.57772],[1.65442,42.57765],[1.65493,42.5776],[1.6554,42.57763],[1.65576,42.57768],[1.65622,42.57783],[1.65667,42.57801],[1.65706,42.57823],[1.65786,42.5788],[1.65813,42.57898],[1.65865,42.57931],[1.65873,42.57936],[1.6588,42.57941],[1.65894,42.57949],[1.65963,42.57994],[1.65984,42.58008],[1.66044,42.5805],[1.6609,42.5809],[1.66144,42.58147],[1.66187,42.5819],[1.66224,42.58231],[1.66255,42.5827],[1.66263,42.5828],[1.66301,42.58329],[1.66316,42.58352],[1.66332,42.58371],[1.66346,42.5838],[1.66356,42.58385],[1.66372,42.58389],[1.6639,42.58389],[1.66409,42.58387],[1.66437,42.58377],[1.66456,42.58361],[1.66462,42.58335],[1.66456,42.58288],[1.66449,42.58235],[1.66448,42.58184],[1.66445,42.58149],[1.6644,42.5813],[1.66439,42.58127],[1.66422,42.58082],[1.66397,42.58022],[1.6639,42.58006],[1.66378,42.5797],[1.66371,42.57931],[1.66367,42.57913],[1.66359,42.57892],[1.66328,42.57861],[1.66311,42.5783],[1.66301,42.57803],[1.66304,42.57778],[1.66316,42.57765],[1.6633,42.57755],[1.66351,42.57751],[1.66375,42.57748],[1.66407,42.57747],[1.66645,42.57694],[1.66677,42.57687],[1.66689,42.57684],[1.66694,42.57683],[1.66713,42.57679],[1.66775,42.57672],[1.66802,42.5767],[1.6681,42.57668],[1.66818,42.57666],[1.66838,42.5766],[1.66866,42.57647],[1.66927,42.57618],[1.6694,42.57612],[1.67068,42.57571],[1.67097,42.57562],[1.67126,42.57557],[1.67133,42.57554],[1.67188,42.5753],[1.67242,42.5751],[1.6726,42.57498],[1.67312,42.57449],[1.67339,42.57439],[1.67368,42.57434],[1.67399,42.57415],[1.67424,42.57396],[1.6746,42.57344],[1.67488,42.57313],[1.67536,42.57264],[1.67582,42.57231],[1.67636,42.57197],[1.67675,42.57164],[1.67706,42.57127],[1.67752,42.5706],[1.67791,42.57016],[1.67817,42.56984],[1.67829,42.56956],[1.67833,42.56936],[1.67844,42.56886],[1.6786,42.56826],[1.67861,42.56795],[1.67858,42.56732],[1.67869,42.56705],[1.67945,42.56582],[1.67959,42.56545],[1.67965,42.56463],[1.67977,42.56441],[1.68014,42.56403],[1.68046,42.56372],[1.68218,42.56204],[1.68278,42.56153],[1.68317,42.56122],[1.68419,42.5607],[1.68489,42.5602],[1.68513,42.56003],[1.68578,42.55958],[1.68669,42.5589],[1.68745,42.55838],[1.68841,42.55775],[1.68852,42.55767],[1.68854,42.55765],[1.68888,42.55737],[1.68916,42.55709],[1.68964,42.55648],[1.69113,42.55479],[1.69187,42.55401],[1.69272,42.55332],[1.69331,42.55291],[1.69385,42.55256],[1.69441,42.55219],[1.69486,42.55188],[1.69515,42.55172],[1.69512,42.55163],[1.69514,42.55153],[1.69524,42.55144],[1.69539,42.55136],[1.6954,42.55126],[1.69544,42.55118],[1.69549,42.55111],[1.69552,42.55109],[1.69573,42.5509],[1.69583,42.5507],[1.69588,42.55059],[1.69617,42.5502],[1.69627,42.55005],[1.69678,42.54944],[1.69705,42.54913],[1.69756,42.54847],[1.69788,42.54809],[1.69804,42.54791],[1.69821,42.54769],[1.69865,42.54731],[1.69894,42.54713],[1.69921,42.54696],[1.69949,42.5468],[1.69983,42.54661],[1.70051,42.54627],[1.70095,42.54609],[1.70228,42.5456],[1.70406,42.5451],[1.70598,42.54469],[1.70849,42.5443],[1.70904,42.54428],[1.71163,42.54416],[1.71569,42.54429],[1.72114,42.54465],[1.72287,42.5448],[1.72399,42.54489],[1.72652,42.54519],[1.72797,42.54534],[1.72912,42.5455],[1.72986,42.54565],[1.73112,42.54589],[1.73208,42.54622],[1.7331,42.54678],[1.73353,42.54702],[1.73367,42.54712],[1.73399,42.54736],[1.73418,42.54748],[1.73428,42.54746],[1.73437,42.54745],[1.73445,42.54743],[1.73462,42.5473],[1.73473,42.54718],[1.73475,42.54701],[1.73469,42.54688],[1.73454,42.54677],[1.73432,42.54671],[1.73392,42.54664],[1.73372,42.54659],[1.73358,42.54651],[1.73352,42.54638],[1.73357,42.54622],[1.73366,42.54613],[1.73415,42.54603],[1.73463,42.54592],[1.73491,42.54576],[1.73515,42.54552],[1.73527,42.54532],[1.73531,42.54504],[1.73519,42.54472],[1.73504,42.54445],[1.73485,42.5444],[1.73403,42.5444],[1.73383,42.54436],[1.73376,42.54424],[1.73373,42.54403],[1.73366,42.54387],[1.73365,42.54387],[1.7336,42.54384],[1.73357,42.5438],[1.73355,42.54374],[1.73356,42.54369],[1.7336,42.54363],[1.73367,42.54359],[1.73376,42.54357],[1.73387,42.5436]],[[1.60478,42.56977],[1.60488,42.56976],[1.60486,42.56969]]],"crs":null},"properties":{"line":"L4"}},{"type":"Feature","geometry":{"type":"LineString","coordinates":[[1.53882,42.51135],[1.53929,42.51124],[1.53943,42.51121],[1.53955,42.51118],[1.53956,42.51118],[1.53963,42.51112],[1.53966,42.51106],[1.53964,42.51104],[1.53929,42.51064],[1.53924,42.5106],[1.5392,42.51057],[1.53902,42.51037],[1.53883,42.51018],[1.53874,42.51017],[1.53871,42.51013],[1.53443,42.50986],[1.53396,42.5099],[1.53392,42.51004],[1.53384,42.5101],[1.53378,42.51012],[1.53374,42.51013],[1.5337,42.51012],[1.53364,42.51012],[1.53355,42.51005],[1.53326,42.51055],[1.53234,42.51021],[1.53163,42.50994],[1.53107,42.50974],[1.53087,42.50962],[1.5306,42.50943],[1.53034,42.50928],[1.52993,42.50912],[1.52913,42.509],[1.52867,42.5089],[1.52779,42.50856],[1.52748,42.5084],[1.52674,42.50838],[1.52561,42.50819],[1.5244,42.50785],[1.52332,42.50783],[1.52303,42.50809],[1.52312,42.50832],[1.52247,42.5085],[1.52178,42.50836],[1.52127,42.508],[1.52077,42.50766],[1.52026,42.50756],[1.52031,42.50749],[1.51964,42.50734],[1.51898,42.50704],[1.51805,42.50624],[1.51801,42.50616],[1.51793,42.50611],[1.51737,42.50598],[1.51709,42.50595],[1.51693,42.50591],[1.51608,42.50549],[1.51527,42.50526],[1.51501,42.50507],[1.51486,42.50464],[1.51476,42.5045],[1.51464,42.50438],[1.51448,42.50424],[1.51389,42.50364],[1.51353,42.50329],[1.51339,42.50301],[1.51333,42.50296],[1.51312,42.50277],[1.51218,42.50211],[1.51167,42.50175],[1.51126,42.5015],[1.51102,42.50136],[1.51054,42.50116],[1.51043,42.50111],[1.51037,42.50113],[1.51033,42.50112],[1.51029,42.50108],[1.5103,42.50105],[1.51021,42.50101],[1.51008,42.50096],[1.50963,42.5007],[1.50918,42.50048],[1.50871,42.50025],[1.50846,42.50017],[1.50826,42.50007],[1.50808,42.49998],[1.50801,42.49995],[1.50786,42.49988],[1.50672,42.49932],[1.50663,42.49928],[1.50645,42.49919],[1.50607,42.49901],[1.50589,42.49892],[1.50531,42.49864],[1.5052,42.49859],[1.50379,42.4979],[1.50324,42.49763],[1.50274,42.49739],[1.50265,42.49735],[1.50244,42.49725],[1.50175,42.49691],[1.50145,42.49677],[1.50124,42.49666],[1.5012,42.49667],[1.50111,42.49667],[1.50108,42.49665],[1.50106,42.49661],[1.50107,42.49658],[1.50083,42.49647],[1.50055,42.49633],[1.49874,42.49545],[1.49859,42.49538],[1.49852,42.49529],[1.49838,42.49528],[1.49825,42.49521],[1.49814,42.495],[1.49816,42.49489],[1.49827,42.4945],[1.49836,42.4944],[1.49839,42.49414],[1.49844,42.49404],[1.49845,42.49397],[1.49842,42.49375],[1.49836,42.49365],[1.49818,42.49348],[1.49781,42.49322],[1.49757,42.49306],[1.49724,42.49273],[1.49717,42.49266],[1.49705,42.49256],[1.49665,42.49216],[1.4964,42.49192],[1.49636,42.49189],[1.49569,42.49126],[1.49548,42.49108],[1.4953,42.49093],[1.49522,42.49083],[1.49518,42.49081],[1.49516,42.49077],[1.49515,42.49072],[1.49519,42.49067],[1.49515,42.49064],[1.49511,42.49061],[1.49305,42.48711],[1.49289,42.48678],[1.49284,42.48667],[1.49283,42.48662],[1.49254,42.4858],[1.4924,42.48547],[1.49231,42.48526],[1.49216,42.48511],[1.49203,42.48493],[1.49191,42.48494],[1.49185,42.48492],[1.49178,42.48485],[1.49176,42.48481],[1.49175,42.48472],[1.49147,42.48454],[1.49135,42.48451],[1.49115,42.48447],[1.49103,42.48432],[1.49104,42.48427],[1.49101,42.48415],[1.49097,42.48406],[1.49092,42.48396],[1.49075,42.48366],[1.49072,42.48361],[1.49058,42.48334],[1.49056,42.48329],[1.4905,42.48316],[1.49015,42.48257],[1.48991,42.4822],[1.48976,42.48194],[1.48962,42.48166],[1.4895,42.48124],[1.48937,42.48004],[1.48937,42.4798],[1.48942,42.47952],[1.48958,42.47905],[1.49014,42.47816],[1.49043,42.47763],[1.49055,42.47734],[1.49063,42.4771],[1.49065,42.477],[1.49063,42.47691],[1.49057,42.47686],[1.4905,42.47677],[1.49045,42.47674],[1.49034,42.4767],[1.49029,42.47667],[1.49026,42.47663],[1.49025,42.4766],[1.49024,42.47657],[1.49025,42.47651],[1.49028,42.47645],[1.49028,42.47644],[1.49029,42.47644],[1.49033,42.47641],[1.49044,42.47638],[1.49058,42.47639],[1.49062,42.47632],[1.49068,42.47621],[1.49073,42.47595],[1.49074,42.47591],[1.49072,42.47529],[1.49079,42.47483],[1.49083,42.47468],[1.49083,42.47466],[1.49084,42.47464],[1.49086,42.47461],[1.49097,42.47442],[1.49109,42.47428],[1.49121,42.47415],[1.49141,42.47401],[1.49159,42.47391],[1.49177,42.47383],[1.49215,42.47371],[1.49234,42.47365],[1.49288,42.4735],[1.49307,42.47342],[1.49319,42.47333],[1.49332,42.47322],[1.49342,42.4731],[1.49348,42.47297],[1.49351,42.47283],[1.4935,42.47253],[1.49349,42.4721],[1.49343,42.47186],[1.49341,42.4718],[1.49338,42.47167],[1.49332,42.47147],[1.49324,42.47145],[1.4932,42.47141],[1.49321,42.47135],[1.49325,42.47132],[1.49322,42.47118],[1.49321,42.47109],[1.49314,42.47056],[1.49305,42.47016],[1.4928,42.46977],[1.49272,42.4692],[1.49271,42.46892],[1.49266,42.46868],[1.49266,42.46857],[1.49265,42.46838],[1.49259,42.46837],[1.49256,42.46834],[1.49257,42.4683],[1.49259,42.46826],[1.49263,42.46824],[1.49255,42.46802],[1.4924,42.46776],[1.49211,42.4672],[1.49208,42.46713],[1.49204,42.46708],[1.49201,42.46709],[1.49197,42.4671],[1.49192,42.46709],[1.49185,42.46706],[1.4918,42.46702],[1.4918,42.46696],[1.49181,42.46692],[1.49187,42.46687],[1.49194,42.46685],[1.49191,42.46673],[1.49188,42.46666],[1.49177,42.46651],[1.49168,42.46638],[1.49157,42.46629],[1.49123,42.46607],[1.49003,42.46524],[1.4899,42.46512],[1.48981,42.46499],[1.48976,42.46485],[1.48979,42.46453],[1.48943,42.46415],[1.48944,42.4637],[1.48934,42.46277],[1.48945,42.4621],[1.48962,42.46157],[1.48965,42.46135],[1.4896,42.46119],[1.48967,42.46108],[1.48978,42.46104],[1.48978,42.46091],[1.48945,42.4604],[1.48929,42.46015],[1.48909,42.45977],[1.48891,42.45954],[1.48887,42.45947],[1.48864,42.45921],[1.48823,42.45873],[1.48813,42.45856],[1.48805,42.45858],[1.48797,42.45856],[1.48791,42.45852],[1.48788,42.45847],[1.48789,42.45843],[1.48795,42.45836],[1.48742,42.4579],[1.48738,42.45783],[1.48711,42.45751],[1.48678,42.45692],[1.48663,42.45654],[1.48656,42.45625],[1.48645,42.45583],[1.48645,42.45557],[1.48651,42.45531],[1.48686,42.4547],[1.48704,42.45396],[1.48713,42.45331],[1.48709,42.45308],[1.48696,42.45277],[1.48685,42.45275],[1.48675,42.45269],[1.48673,42.45261],[1.48677,42.45252],[1.48687,42.45247],[1.48642,42.45144],[1.48613,42.45099],[1.48587,42.45074],[1.48459,42.44979],[1.48275,42.44873],[1.48255,42.44854]],"crs":null},"properties":{"line":"L1"}},{"type":"Feature","geometry":{"type":"LineString","coordinates":[[1.48255,42.44854],[1.48248,42.44848],[1.48223,42.44817],[1.48211,42.44781],[1.4821,42.44748],[1.48203,42.4461],[1.48186,42.44589],[1.48171,42.44578],[1.48168,42.44564],[1.48175,42.44556],[1.48189,42.4455],[1.48204,42.44551],[1.48216,42.4456],[1.4822,42.44572],[1.48214,42.44583],[1.48222,42.44747],[1.48223,42.44781],[1.48233,42.44808],[1.4827,42.44855],[1.48315,42.44892],[1.48464,42.44978],[1.48591,42.45073],[1.48618,42.45098],[1.48648,42.45143],[1.48689,42.45246],[1.48707,42.4525],[1.48715,42.45262],[1.48711,42.45271],[1.48701,42.45277],[1.48705,42.45288],[1.48711,42.45303],[1.48716,42.45332],[1.48714,42.45363],[1.48709,42.45397],[1.48702,42.45435],[1.48694,42.45464],[1.48656,42.45535],[1.48652,42.45548],[1.4865,42.45564],[1.48649,42.4558],[1.4866,42.45625],[1.48667,42.45653],[1.48684,42.45694],[1.48715,42.4575],[1.48741,42.4578],[1.48762,42.45803],[1.48797,42.45836],[1.48803,42.45834],[1.48812,42.45835],[1.48818,42.45839],[1.48821,42.45845],[1.48819,42.45851],[1.48813,42.45854],[1.48851,42.459],[1.4889,42.45947],[1.48911,42.45976],[1.48942,42.4603],[1.48963,42.46059],[1.48993,42.46105],[1.49004,42.46109],[1.4901,42.46117],[1.49009,42.46129],[1.49029,42.46141],[1.49045,42.46169],[1.49046,42.46199],[1.49036,42.46244],[1.4903,42.46277],[1.48999,42.46394],[1.48989,42.46435],[1.4898,42.46484],[1.48988,42.46497],[1.48996,42.46511],[1.49008,42.46524],[1.49131,42.46608],[1.49168,42.46633],[1.49182,42.46653],[1.49191,42.46667],[1.49196,42.46684],[1.49201,42.46685],[1.49206,42.46686],[1.49209,42.46688],[1.49212,42.46693],[1.49213,42.46697],[1.49211,42.46703],[1.49206,42.46708],[1.49209,42.46712],[1.49257,42.468],[1.49265,42.46823],[1.49265,42.46824],[1.49271,42.46825],[1.49275,42.46828],[1.49275,42.46832],[1.49273,42.46836],[1.49267,42.46838],[1.49269,42.4685],[1.49269,42.46868],[1.49271,42.46892],[1.49272,42.4692],[1.4928,42.46977],[1.49305,42.47016],[1.49314,42.47056],[1.49323,42.47109],[1.49324,42.47119],[1.49327,42.47131],[1.49337,42.47132],[1.49341,42.47138],[1.49339,42.47143],[1.49334,42.47146],[1.49349,42.4721],[1.4935,42.47253],[1.49351,42.47283],[1.49348,42.47297],[1.49342,42.4731],[1.49332,42.47322],[1.49319,42.47333],[1.49307,42.47342],[1.49288,42.4735],[1.49234,42.47365],[1.49215,42.47371],[1.49177,42.47383],[1.49159,42.47391],[1.49141,42.47401],[1.49121,42.47415],[1.49109,42.47428],[1.49097,42.47442],[1.49086,42.47461],[1.49084,42.47464],[1.49083,42.47466],[1.49083,42.47468],[1.49079,42.47483],[1.49072,42.47529],[1.49074,42.47591],[1.49074,42.47596],[1.4907,42.47621],[1.4906,42.47638],[1.49062,42.4764],[1.49068,42.47645],[1.49072,42.47652],[1.49073,42.47656],[1.49071,42.47662],[1.49068,42.47666],[1.4907,42.47676],[1.49074,42.47699],[1.49068,42.47732],[1.49061,42.47748],[1.49038,42.47785],[1.49018,42.47823],[1.48973,42.47898],[1.48961,42.47922],[1.48949,42.47958],[1.48946,42.47994],[1.4896,42.48124],[1.48968,42.48151],[1.48989,42.48197],[1.49039,42.48278],[1.49088,42.48366],[1.4909,42.4837],[1.49093,42.48376],[1.49108,42.48405],[1.49113,42.4841],[1.49116,42.48412],[1.49121,42.48416],[1.49123,42.48416],[1.49136,42.48418],[1.49141,42.48422],[1.49147,42.48432],[1.49159,42.48442],[1.49179,42.48454],[1.49195,42.48459],[1.492,42.48459],[1.49204,42.48459],[1.49211,42.48461],[1.4922,42.48468],[1.49223,42.48473],[1.49223,42.48478],[1.49222,42.48482],[1.49219,42.48487],[1.49215,42.48491],[1.49214,42.48497],[1.49216,42.48503],[1.49235,42.48526],[1.4925,42.48559],[1.49289,42.48658],[1.49291,42.48663],[1.49302,42.48686],[1.4951,42.49055],[1.49519,42.49066],[1.49524,42.49065],[1.49535,42.49066],[1.49539,42.4907],[1.49541,42.49076],[1.4954,42.4908],[1.49543,42.49092],[1.4955,42.49107],[1.49572,42.49126],[1.49599,42.49151],[1.49642,42.49192],[1.49656,42.49205],[1.49684,42.4923],[1.49759,42.49303],[1.49781,42.49322],[1.49818,42.49348],[1.49836,42.49365],[1.49842,42.49375],[1.49845,42.49397],[1.49844,42.49404],[1.4984,42.49422],[1.4984,42.49438],[1.49854,42.49435],[1.49882,42.49442],[1.49887,42.49446],[1.49892,42.49454],[1.49878,42.49503],[1.49873,42.49514],[1.49867,42.49522],[1.49854,42.49528],[1.4986,42.49536],[1.49875,42.49545],[1.49932,42.49573],[1.50055,42.49633],[1.50072,42.49641],[1.50107,42.49658],[1.5011,42.49654],[1.50115,42.49653],[1.5012,42.49653],[1.50124,42.49656],[1.50127,42.49659],[1.50126,42.49663],[1.50124,42.49666],[1.50145,42.49677],[1.50175,42.49691],[1.50241,42.49723],[1.50244,42.49725],[1.50265,42.49735],[1.50274,42.49739],[1.50324,42.49763],[1.5052,42.49859],[1.50531,42.49864],[1.50589,42.49892],[1.50607,42.49901],[1.50645,42.49919],[1.50663,42.49928],[1.50672,42.49932],[1.50801,42.49995],[1.50808,42.49998],[1.50826,42.50007],[1.50846,42.50017],[1.50871,42.50025],[1.50918,42.50048],[1.50963,42.5007],[1.51008,42.50096],[1.51021,42.50101],[1.51031,42.50104],[1.51034,42.50102],[1.51039,42.50102],[1.51043,42.50105],[1.51043,42.5011],[1.51066,42.50119],[1.51103,42.50134],[1.51132,42.50153],[1.51177,42.50179],[1.51201,42.502],[1.51221,42.50211],[1.51225,42.50214],[1.51235,42.50223],[1.5125,42.50232],[1.51268,42.50247],[1.51286,42.5026],[1.51314,42.50276],[1.51341,42.50303],[1.51357,42.50332],[1.51389,42.50364],[1.51456,42.50424],[1.51471,42.50438],[1.51491,42.50462],[1.51505,42.50502],[1.51528,42.5052],[1.5161,42.50542],[1.51702,42.50589],[1.51737,42.50593],[1.51797,42.50606],[1.51897,42.50695],[1.5197,42.5073],[1.52026,42.50741],[1.52145,42.50748],[1.52166,42.50745],[1.52251,42.50757],[1.52333,42.50778],[1.52386,42.50776],[1.52437,42.50782],[1.5256,42.50814],[1.52682,42.50833],[1.52755,42.50837],[1.5281,42.50865],[1.52897,42.50893],[1.52905,42.50888],[1.52828,42.50846],[1.52801,42.50815],[1.52757,42.50752],[1.52751,42.50725],[1.52774,42.50727],[1.52825,42.50736],[1.52843,42.50755],[1.52895,42.50805],[1.52975,42.50859],[1.53056,42.50895],[1.5308,42.50875],[1.53085,42.50876],[1.53108,42.50885],[1.53115,42.50888],[1.53167,42.50907],[1.53163,42.50932],[1.53162,42.50938],[1.53176,42.50944],[1.53186,42.50948],[1.53241,42.50963],[1.53309,42.50971],[1.53326,42.50975],[1.53354,42.50983],[1.53359,42.50984],[1.53365,42.50981],[1.53373,42.5098],[1.5339,42.50982],[1.53398,42.50991],[1.534,42.51005],[1.5354,42.51113],[1.53545,42.51119],[1.53548,42.5112],[1.53585,42.51138],[1.53589,42.51141],[1.53593,42.51145],[1.5362,42.51176],[1.53632,42.5119],[1.53637,42.51196],[1.53645,42.51203],[1.53653,42.51207],[1.53657,42.51208],[1.53662,42.51207],[1.53665,42.51207],[1.5367,42.51207],[1.53673,42.51208],[1.53675,42.51209],[1.53681,42.5121],[1.53687,42.51209],[1.53738,42.51185],[1.53808,42.51156],[1.53832,42.51149],[1.53847,42.51144],[1.53856,42.51141],[1.53882,42.51135]],"crs":null},"properties":{"line":"L1"}},{"type":"Feature","geometry":{"type":"LineString","coordinates":[[1.53425,42.50754],[1.53425,42.50796],[1.53423,42.50809],[1.53415,42.50865],[1.53404,42.50926],[1.53398,42.5095],[1.53389,42.50974],[1.53387,42.50982],[1.53393,42.50989],[1.53398,42.50996],[1.53395,42.51005],[1.53386,42.51013],[1.53374,42.51014],[1.53364,42.51011],[1.53357,42.51007],[1.53351,42.51002],[1.53351,42.50995],[1.53357,42.50988],[1.53365,42.50983],[1.53375,42.50981],[1.53384,42.50983],[1.53397,42.50947],[1.534,42.5093],[1.53405,42.50895],[1.53409,42.50859],[1.5341,42.50802],[1.53332,42.50759],[1.5327,42.5072],[1.5322,42.50682],[1.53208,42.50683],[1.53202,42.50679],[1.53206,42.50671],[1.53219,42.50667],[1.53241,42.50629],[1.53241,42.50621],[1.53199,42.50612],[1.53191,42.5061],[1.53188,42.50613],[1.53182,42.50615],[1.53176,42.50615],[1.5317,42.50613],[1.53165,42.5061],[1.53164,42.50605],[1.5314,42.506],[1.53112,42.50594],[1.53107,42.50593],[1.53093,42.5059],[1.53087,42.50588],[1.53071,42.50585],[1.52983,42.50564],[1.52902,42.50547],[1.52832,42.50535],[1.52805,42.50529],[1.52786,42.50529],[1.52767,42.5053],[1.52759,42.50531],[1.52758,42.50534],[1.52755,42.50538],[1.5275,42.5054],[1.52744,42.5054],[1.52739,42.50537],[1.52736,42.50534],[1.52736,42.50531],[1.5272,42.50528],[1.52698,42.50526],[1.52671,42.50523],[1.52668,42.50523],[1.52653,42.50522],[1.52632,42.5052],[1.52616,42.50518],[1.52602,42.50516],[1.52561,42.50509],[1.52516,42.50503],[1.52473,42.50495],[1.52433,42.50491],[1.52402,42.50485],[1.52377,42.5048],[1.52315,42.5047],[1.52254,42.50466],[1.5225,42.50466],[1.52232,42.50468],[1.52233,42.50473],[1.5223,42.50477],[1.52225,42.50481],[1.52213,42.50484],[1.52206,42.50484],[1.52199,42.50482],[1.52194,42.50478],[1.52191,42.50473],[1.5219,42.50468],[1.52197,42.5046],[1.52171,42.50453],[1.52156,42.50449],[1.52141,42.50445],[1.52127,42.50439],[1.52123,42.50438],[1.51976,42.50377],[1.51958,42.50375],[1.51955,42.50377],[1.51953,42.50379],[1.51945,42.50381],[1.51938,42.50382],[1.51932,42.5038],[1.51926,42.50378],[1.51923,42.50373],[1.5192,42.50372],[1.51916,42.5037],[1.51907,42.50368],[1.51895,42.50368],[1.51885,42.50365],[1.51804,42.5037],[1.51777,42.50375],[1.51752,42.50378],[1.51685,42.50372],[1.51655,42.50367],[1.51643,42.50361],[1.51637,42.50358],[1.5161,42.50345],[1.51604,42.50341],[1.51602,42.5034],[1.5155,42.50304],[1.51545,42.50301],[1.51537,42.50296],[1.51511,42.50279],[1.51484,42.50267],[1.51435,42.50247],[1.51414,42.5024],[1.51406,42.50236],[1.51401,42.50234],[1.51379,42.50223],[1.51294,42.50115],[1.51273,42.50089],[1.51267,42.5008],[1.51154,42.49928],[1.51086,42.4984],[1.5108,42.4983],[1.51074,42.4983],[1.51068,42.49827],[1.51064,42.49821],[1.51064,42.49817],[1.51049,42.49805],[1.51028,42.49793],[1.50986,42.49771],[1.5086,42.49705],[1.50748,42.49653],[1.50727,42.49638],[1.50657,42.49591],[1.50648,42.49586],[1.50537,42.4952],[1.50507,42.4951],[1.50499,42.49509],[1.50482,42.49507],[1.50413,42.49511],[1.50409,42.49513],[1.50407,42.49517],[1.50401,42.4952],[1.50396,42.49522],[1.5039,42.49521],[1.50385,42.49519],[1.50382,42.49516],[1.50377,42.49508],[1.50369,42.49507],[1.50354,42.49504],[1.50229,42.49451],[1.50205,42.49441],[1.50142,42.49416],[1.50108,42.494],[1.50085,42.49389],[1.50068,42.49383],[1.50062,42.49378],[1.49961,42.49302],[1.49919,42.49276],[1.498,42.49218],[1.49709,42.49161],[1.49668,42.49135],[1.49657,42.49127],[1.49645,42.49115],[1.49642,42.49106],[1.49636,42.49092],[1.49637,42.49082],[1.49635,42.49067],[1.49635,42.4903],[1.49623,42.48997],[1.49612,42.48981],[1.49605,42.48973],[1.49586,42.48949],[1.49551,42.48902],[1.49539,42.48889],[1.49508,42.48856],[1.49493,42.48837],[1.49479,42.48814],[1.49474,42.488],[1.4947,42.48778],[1.4947,42.48766],[1.49478,42.48721],[1.49478,42.48708],[1.49473,42.48679],[1.49471,42.48671],[1.49463,42.4865],[1.49453,42.48631],[1.4944,42.48617],[1.49423,42.48597],[1.49365,42.48549],[1.49281,42.48495],[1.49247,42.48478],[1.49225,42.48477],[1.49221,42.48486],[1.49217,42.4849],[1.4921,42.48493],[1.49202,42.48495],[1.49194,42.48495],[1.49186,42.48492],[1.4918,42.48488],[1.49175,42.48479],[1.49175,42.4847],[1.49164,42.48464],[1.49146,42.48454],[1.49129,42.48446],[1.49113,42.48444],[1.49104,42.48437],[1.49101,42.4843],[1.49104,42.48422],[1.49098,42.48418],[1.49092,42.48409],[1.49085,42.48399],[1.49075,42.48366],[1.49072,42.48361],[1.49058,42.48334],[1.49056,42.48329],[1.4905,42.48316],[1.49015,42.48257],[1.48991,42.4822],[1.48976,42.48194],[1.48962,42.48166],[1.4895,42.48124],[1.48937,42.48004],[1.48937,42.4798],[1.48942,42.47952],[1.48958,42.47905],[1.49014,42.47816],[1.49043,42.47763],[1.49055,42.47734],[1.4906,42.4771],[1.49061,42.47698],[1.49059,42.47689],[1.49054,42.47684],[1.49042,42.47673],[1.49037,42.47672],[1.49031,42.4767],[1.49025,42.47664],[1.49022,42.47657],[1.49023,42.47652],[1.49026,42.47646],[1.4903,42.47642],[1.49038,42.47638],[1.49045,42.47637],[1.49051,42.47637],[1.49058,42.47638],[1.49065,42.47626],[1.49069,42.47619],[1.49074,42.47602],[1.49071,42.47545],[1.49074,42.47503],[1.4908,42.47468],[1.49098,42.47439],[1.49125,42.47411],[1.49139,42.47402],[1.49158,42.47391],[1.4918,42.47381],[1.4923,42.47367],[1.49285,42.47351],[1.49308,42.47342],[1.49312,42.47339],[1.49319,42.47334],[1.49325,42.47328],[1.4933,42.47323],[1.4934,42.47312],[1.49347,42.47298],[1.4935,42.47285],[1.49349,42.4721],[1.49343,42.47186],[1.49335,42.47165],[1.49329,42.4715],[1.49326,42.47149],[1.49321,42.47146],[1.4932,42.47138],[1.49321,42.47136],[1.49324,42.47128],[1.49324,42.47119],[1.49323,42.47109],[1.49314,42.47056],[1.49305,42.47016],[1.4928,42.46977],[1.49272,42.4692],[1.49271,42.46892],[1.49266,42.46868],[1.49266,42.46857],[1.49265,42.46838],[1.49262,42.46838],[1.49256,42.46834],[1.49257,42.4683],[1.49261,42.46827],[1.49263,42.46826],[1.49263,42.46821],[1.49263,42.4682],[1.49262,42.46815],[1.49249,42.46789],[1.49209,42.4672],[1.49205,42.46713],[1.49204,42.46711],[1.49203,42.46709],[1.49202,42.46709],[1.49201,42.46708],[1.49196,42.46709],[1.49192,42.46708],[1.49184,42.46704],[1.49182,42.46702],[1.49181,42.46695],[1.49183,42.46692],[1.49186,42.4669],[1.49189,42.46688],[1.49178,42.46658],[1.4916,42.46635],[1.48994,42.46522],[1.48976,42.46489],[1.48969,42.46442],[1.48944,42.46418],[1.48934,42.46266],[1.48953,42.46188]],"crs":null},"properties":{"line":"Le"}},{"type":"Feature","geometry":{"type":"LineString","coordinates":[[1.49042,42.46192],[1.48994,42.46417],[1.4899,42.46441],[1.4899,42.46484],[1.49001,42.46514],[1.49172,42.46631],[1.49189,42.46653],[1.49198,42.46681],[1.49212,42.46692],[1.49216,42.467],[1.49207,42.46714],[1.49231,42.46756],[1.49249,42.46789],[1.49263,42.4682],[1.49263,42.46826],[1.49267,42.46826],[1.49269,42.46828],[1.4927,42.46832],[1.4927,42.46835],[1.49269,42.46838],[1.49265,42.46838],[1.4928,42.46977],[1.49307,42.47015],[1.49314,42.47056],[1.49324,42.47119],[1.49332,42.47127],[1.49345,42.47135],[1.49345,42.47142],[1.49344,42.47151],[1.4935,42.47285],[1.4934,42.47312],[1.49325,42.47328],[1.4929,42.47347],[1.4923,42.47367],[1.49157,42.47389],[1.49127,42.47407],[1.49103,42.47426],[1.49082,42.47451],[1.49088,42.47497],[1.49087,42.4757],[1.49085,42.47592],[1.49081,42.47606],[1.49073,42.47618],[1.49068,42.47624],[1.49059,42.47639],[1.49066,42.47643],[1.49071,42.47648],[1.49073,42.47655],[1.49072,42.47661],[1.4907,42.47664],[1.49066,42.47667],[1.49073,42.47701],[1.49069,42.47714],[1.49062,42.47734],[1.49054,42.47758],[1.48987,42.47874],[1.48976,42.47892],[1.48967,42.47914],[1.48957,42.4793],[1.4895,42.47949],[1.48946,42.4797],[1.48946,42.47995],[1.48947,42.48025],[1.48957,42.48108],[1.48961,42.48127],[1.48976,42.48172],[1.49037,42.48276],[1.49101,42.48406],[1.49114,42.48414],[1.49125,42.48414],[1.49132,42.48415],[1.49139,42.48418],[1.49143,42.48423],[1.49145,42.48429],[1.49154,42.48439],[1.49163,42.48445],[1.49183,42.48454],[1.49192,42.48458],[1.4921,42.48458],[1.4922,42.48464],[1.49226,42.48475],[1.49248,42.48476],[1.49283,42.48494],[1.49306,42.48509],[1.49378,42.48553],[1.49417,42.48584],[1.4944,42.48617],[1.49463,42.4865],[1.49473,42.48679],[1.49474,42.48682],[1.49478,42.48708],[1.49477,42.48769],[1.49479,42.48793],[1.4949,42.48809],[1.49509,42.48829],[1.49533,42.48843],[1.49559,42.48863],[1.49609,42.48927],[1.49639,42.4897],[1.49637,42.4903],[1.49638,42.49072],[1.49638,42.49092],[1.49645,42.49111],[1.49659,42.49128],[1.49789,42.49205],[1.49911,42.49265],[1.50008,42.49329],[1.50075,42.49383],[1.50229,42.49451],[1.50356,42.49507],[1.50369,42.49507],[1.50379,42.49507],[1.50382,42.49504],[1.50385,42.49502],[1.5039,42.49501],[1.50394,42.495],[1.504,42.49501],[1.50405,42.49504],[1.50412,42.49508],[1.50489,42.49505],[1.50499,42.49509],[1.5051,42.49513],[1.5054,42.49524],[1.50657,42.49591],[1.50679,42.49604],[1.50727,42.49638],[1.50753,42.49657],[1.50857,42.49707],[1.50986,42.49771],[1.51029,42.49792],[1.51044,42.49801],[1.51051,42.49805],[1.51068,42.49814],[1.51075,42.49812],[1.51078,42.49812],[1.51082,42.49813],[1.51086,42.49813],[1.51089,42.49818],[1.5109,42.49822],[1.51088,42.49826],[1.51082,42.49829],[1.51089,42.49842],[1.51154,42.49928],[1.5125,42.50053],[1.51267,42.5008],[1.51294,42.50115],[1.51372,42.50219],[1.51388,42.5023],[1.51406,42.50236],[1.51426,42.50243],[1.51435,42.50247],[1.51455,42.50253],[1.51465,42.50258],[1.51484,42.50267],[1.51505,42.50275],[1.51537,42.50296],[1.5155,42.50304],[1.51586,42.50327],[1.51637,42.50358],[1.51641,42.50361],[1.51643,42.50361],[1.51675,42.50369],[1.51752,42.50376],[1.51778,42.50374],[1.51805,42.50368],[1.51883,42.50364],[1.51927,42.5036],[1.51931,42.50356],[1.51937,42.50355],[1.51943,42.50355],[1.51949,42.50356],[1.51954,42.50358],[1.51957,42.50362],[1.51959,42.50368],[1.51958,42.50373],[1.51978,42.50376],[1.52047,42.50402],[1.5212,42.50434],[1.52149,42.50446],[1.52198,42.50459],[1.52205,42.50455],[1.52213,42.50454],[1.52219,42.50454],[1.52225,42.50457],[1.52229,42.50459],[1.52232,42.50464],[1.52254,42.50466],[1.5228,42.50465],[1.523,42.50466],[1.52321,42.50469],[1.52363,42.50477],[1.52377,42.5048],[1.52462,42.50493],[1.52736,42.50529],[1.52741,42.50524],[1.52748,42.50523],[1.52756,42.50525],[1.52759,42.50529],[1.52773,42.50528],[1.5279,42.50527],[1.52816,42.50527],[1.52838,42.50528],[1.52853,42.50532],[1.52954,42.50554],[1.53165,42.50597],[1.5317,42.50595],[1.53175,42.50593],[1.53182,42.50593],[1.53189,42.50595],[1.53193,42.506],[1.53194,42.50603],[1.53388,42.50642],[1.53417,42.50646],[1.53422,42.50642],[1.53432,42.50641],[1.53442,42.50644],[1.53447,42.50651],[1.53446,42.50656],[1.53441,42.50662],[1.53434,42.50664],[1.53427,42.50665],[1.53425,42.50754]],"crs":null},"properties":{"line":"Le"}}],"metadata":{"generatedAt":"2026-10-06T09:53:43.360Z","source":"govern-sig","attribution":"Base topogràfica cedida pel Govern d’Andorra"}}