{"type":"FeatureCollection","features":[{"type":"Feature","geometry":{"type":"LineString","coordinates":[[1.51467,42.5044],[1.51494,42.50438],[1.51508,42.50468],[1.51572,42.5051],[1.51636,42.50515],[1.51711,42.50548],[1.51762,42.50552],[1.51834,42.50538]],"crs":null},"properties":{"ref":" ","name":" ","kind":"Xarxa basica"}},{"type":"Feature","geometry":{"type":"LineString","coordinates":[[1.52758,42.56315],[1.52762,42.5642],[1.52751,42.56423],[1.52726,42.56409],[1.5271,42.5641],[1.52697,42.5642],[1.52693,42.56445],[1.527,42.56457],[1.52745,42.56457]],"crs":null},"properties":{"ref":"CS-350","name":"Carretera de Sornàs","kind":"Carretera secundaria"}},{"type":"Feature","geometry":{"type":"MultiLineString","coordinates":[[[1.51241,42.53211],[1.51333,42.53197],[1.51414,42.53221],[1.51441,42.53255],[1.51478,42.53318],[1.51496,42.53332],[1.51555,42.53427],[1.51575,42.53435],[1.51582,42.53431],[1.51578,42.53407],[1.51615,42.53358],[1.5163,42.53262],[1.51638,42.53154],[1.51655,42.53141],[1.51719,42.53117],[1.51772,42.53117],[1.51798,42.53131],[1.51803,42.5315],[1.51785,42.53185],[1.51732,42.53226],[1.51719,42.53243],[1.51711,42.53278],[1.51721,42.53315],[1.51738,42.53321],[1.51755,42.53311],[1.51787,42.5325],[1.5185,42.53227],[1.51872,42.53227],[1.51883,42.53239],[1.51874,42.53295],[1.51881,42.53318],[1.51905,42.53362],[1.51931,42.53381]],[[1.48123,42.52492],[1.48194,42.52566],[1.48252,42.52605],[1.48314,42.52631],[1.48383,42.52645],[1.48445,42.52639],[1.48487,42.52648],[1.48541,42.52689],[1.4866,42.52732],[1.48687,42.52773],[1.48708,42.52792],[1.48797,42.52829],[1.48837,42.52835],[1.48848,42.52828],[1.48814,42.52712],[1.48842,42.52703],[1.48888,42.5271],[1.48978,42.52773],[1.49007,42.52813],[1.49071,42.52834],[1.49126,42.52866],[1.49135,42.52878],[1.49149,42.52922],[1.49227,42.52918],[1.49325,42.52937],[1.49427,42.53002],[1.49477,42.53004],[1.49486,42.52996],[1.49479,42.52987],[1.49437,42.52972],[1.49434,42.52946],[1.49412,42.52888],[1.49398,42.52863],[1.49379,42.52845],[1.49387,42.52835],[1.49442,42.52841],[1.49493,42.52887],[1.49522,42.52888],[1.49561,42.52903],[1.49737,42.52928],[1.4977,42.5294],[1.49807,42.52965],[1.49823,42.53003],[1.49838,42.53021],[1.49888,42.53049],[1.49891,42.53074],[1.49901,42.53084],[1.49937,42.53072],[1.50108,42.53073],[1.50139,42.53083],[1.5019,42.53132],[1.50207,42.5314],[1.50296,42.53095],[1.5035,42.53089],[1.50384,42.53096],[1.50424,42.53118],[1.50522,42.53154],[1.50547,42.53137],[1.50648,42.53123],[1.50716,42.53093],[1.50777,42.53093],[1.5082,42.53118],[1.50927,42.53095],[1.50999,42.53117],[1.51081,42.53127],[1.51198,42.5318],[1.51236,42.5321]]],"crs":null},"properties":{"ref":"CS-320","name":"Carretera de Sispony","kind":"Carretera secundaria"}},{"type":"Feature","geometry":{"type":"MultiLineString","coordinates":[[[1.46524,42.4473],[1.46545,42.44696],[1.46543,42.44604],[1.46487,42.44482],[1.46488,42.44461],[1.46511,42.44418],[1.4651,42.44408],[1.46495,42.44398],[1.46485,42.44399],[1.46466,42.44428],[1.46422,42.44471],[1.46401,42.44503],[1.46386,42.44508],[1.46375,42.445],[1.46408,42.44435],[1.46418,42.44368],[1.46411,42.44349],[1.46377,42.44301],[1.46361,42.44226],[1.46354,42.44215],[1.46228,42.44151],[1.46194,42.44086],[1.46178,42.44074],[1.4611,42.44078],[1.46033,42.44107],[1.46,42.44109],[1.45983,42.44103]],[[1.45981,42.44102],[1.45956,42.44086],[1.45926,42.44079],[1.4584,42.44079],[1.45727,42.44032],[1.45682,42.44032],[1.45651,42.44052],[1.45565,42.44169],[1.4554,42.44192],[1.45518,42.44197],[1.45511,42.44186],[1.45534,42.44131],[1.45556,42.44098],[1.45552,42.44086],[1.4554,42.44082],[1.45524,42.44086],[1.45504,42.44111],[1.45446,42.44207],[1.45413,42.44249],[1.45275,42.4429],[1.45144,42.44293],[1.4501,42.44245],[1.44958,42.44235],[1.44949,42.44225],[1.44948,42.44206],[1.44968,42.44153]]],"crs":null},"properties":{"ref":"CS-143","name":"Carretera del Mas d'Alins","kind":"Carretera secundaria"}},{"type":"Feature","geometry":{"type":"LineString","coordinates":[[1.51467,42.5457],[1.51427,42.54542],[1.51355,42.54513],[1.51378,42.54461],[1.51432,42.54436],[1.5147,42.5438],[1.51471,42.5436],[1.51452,42.54299],[1.51514,42.54255],[1.51565,42.54201],[1.51562,42.54181],[1.51529,42.54132],[1.51484,42.54092],[1.51455,42.54083],[1.51408,42.54101],[1.51313,42.54158],[1.5116,42.54279],[1.51125,42.54302],[1.51021,42.54352],[1.50944,42.54418],[1.50922,42.54451],[1.50906,42.54545],[1.50896,42.54567],[1.50872,42.54579],[1.50812,42.54591],[1.50809,42.54606],[1.50814,42.54618],[1.50896,42.54638],[1.50908,42.54671]],"crs":null},"properties":{"ref":"CS-330","name":"Carretera d'Escàs","kind":"Carretera secundaria"}},{"type":"Feature","geometry":{"type":"LineString","coordinates":[[1.47885,42.57827],[1.47886,42.57805],[1.4798,42.57729],[1.48,42.5768],[1.47999,42.57531],[1.48003,42.57499],[1.47993,42.57474],[1.47993,42.57436],[1.47974,42.57386],[1.47962,42.57293],[1.47919,42.57212],[1.47897,42.57137],[1.47762,42.57092],[1.47743,42.57096],[1.47753,42.57111],[1.47827,42.57137],[1.47856,42.57153],[1.4787,42.57243],[1.47908,42.57302],[1.47906,42.57311],[1.47898,42.57313],[1.47886,42.57307],[1.47795,42.57184],[1.47719,42.57161],[1.47673,42.57139],[1.47628,42.57109],[1.47585,42.5707],[1.47516,42.57035],[1.47495,42.57013],[1.4746,42.56955],[1.4746,42.56936],[1.4747,42.56911],[1.47487,42.5689],[1.47514,42.56871],[1.47601,42.56841],[1.4762,42.56817],[1.47626,42.5679],[1.4757,42.5668],[1.47555,42.56663],[1.47537,42.56654],[1.47519,42.56655],[1.47512,42.56665],[1.47532,42.56726],[1.47537,42.56767],[1.47523,42.56777],[1.47504,42.5677],[1.47488,42.56732],[1.47454,42.56678],[1.47453,42.56646],[1.47465,42.56606],[1.47455,42.56593],[1.47438,42.5659],[1.47429,42.56595],[1.47427,42.56647],[1.47421,42.56657],[1.47409,42.56659],[1.47394,42.56645],[1.47402,42.56612],[1.47393,42.5659],[1.47351,42.5656],[1.47338,42.56559],[1.47329,42.56565],[1.47332,42.56577],[1.47366,42.56613],[1.47365,42.56662],[1.4738,42.56756],[1.47375,42.56785],[1.47364,42.56798],[1.47163,42.56785],[1.46992,42.56749],[1.46967,42.56754],[1.46949,42.56771],[1.46947,42.56793],[1.46965,42.56827],[1.47038,42.5693],[1.47139,42.57034],[1.47171,42.57108],[1.4726,42.57183],[1.473,42.57231],[1.4729,42.57243],[1.47211,42.5725],[1.47177,42.57262],[1.47156,42.57291],[1.47142,42.57355],[1.47125,42.57358],[1.47116,42.57348],[1.47115,42.57302],[1.47124,42.57263],[1.47135,42.57248]],"crs":null},"properties":{"ref":"CS-520","name":"Carretera de Comallemple","kind":"Carretera secundaria"}},{"type":"Feature","geometry":{"type":"LineString","coordinates":[[1.53265,42.51041],[1.53278,42.51074],[1.53326,42.51094],[1.53376,42.5108]],"crs":null},"properties":{"ref":" ","name":" ","kind":"Boca tunel"}},{"type":"Feature","geometry":{"type":"MultiLineString","coordinates":[[[1.51064,42.63183],[1.51133,42.63208],[1.5122,42.63177],[1.51266,42.63169],[1.51285,42.63173],[1.51328,42.6321],[1.5136,42.63217],[1.51471,42.63184],[1.51625,42.63152],[1.51693,42.63127],[1.51839,42.63104],[1.52008,42.63051],[1.52109,42.63032],[1.52173,42.62993],[1.52271,42.62957],[1.52312,42.62923],[1.5235,42.62871],[1.52358,42.6285],[1.52364,42.62776],[1.52415,42.62704],[1.52466,42.62686],[1.52496,42.62665],[1.52608,42.62639],[1.52682,42.62632],[1.52698,42.62623],[1.52719,42.62601],[1.52743,42.62553],[1.5286,42.6247],[1.52894,42.62462],[1.52995,42.62463],[1.53019,42.62458],[1.53246,42.62383],[1.53355,42.62334],[1.53516,42.62243],[1.53584,42.62213],[1.53751,42.62114],[1.53873,42.62063],[1.54016,42.62071],[1.54121,42.62089],[1.54217,42.62078],[1.54273,42.62092],[1.54282,42.62092],[1.54288,42.62083],[1.54253,42.62064],[1.54144,42.6204],[1.5408,42.62013],[1.53956,42.61987],[1.53892,42.61942],[1.53846,42.61954],[1.5384,42.61951],[1.53843,42.61938],[1.53889,42.61918],[1.53901,42.61916],[1.5396,42.6193],[1.53978,42.61921],[1.53901,42.61857],[1.53881,42.6185],[1.53834,42.61841],[1.53794,42.61843],[1.53714,42.61882],[1.53702,42.61886],[1.53683,42.6188],[1.53689,42.6186],[1.53807,42.61763],[1.53897,42.6174],[1.53931,42.61726],[1.53934,42.6172],[1.539,42.61665],[1.53845,42.61627],[1.53836,42.61606],[1.53862,42.61461],[1.53873,42.6128],[1.53908,42.61161],[1.53906,42.61145],[1.53857,42.61059],[1.53835,42.61004],[1.53835,42.60968],[1.53826,42.60941],[1.5379,42.60912],[1.53738,42.60851],[1.53734,42.60832],[1.53745,42.60735],[1.5372,42.60668],[1.53615,42.60508],[1.53598,42.60371],[1.53505,42.60185],[1.5345,42.60148],[1.53414,42.60102],[1.53376,42.60069],[1.53349,42.6005],[1.53174,42.59962],[1.53062,42.59885],[1.52937,42.59838],[1.5284,42.59762],[1.52719,42.59642],[1.52659,42.59613],[1.5265,42.59603],[1.52641,42.59551],[1.52686,42.59439],[1.52684,42.59411],[1.52663,42.59393],[1.5258,42.59369],[1.52565,42.59355],[1.52509,42.59251],[1.52508,42.59176],[1.52445,42.59031],[1.5239,42.58974],[1.52364,42.58921],[1.52203,42.58779],[1.5214,42.58746],[1.52113,42.5872],[1.52109,42.58701],[1.52119,42.5862],[1.52115,42.58587],[1.52055,42.58486],[1.52018,42.58445],[1.51961,42.584],[1.51907,42.58226],[1.519,42.58183],[1.51927,42.58102],[1.51916,42.58043],[1.51883,42.57977],[1.5188,42.57889],[1.51842,42.57844],[1.51744,42.57761],[1.5173,42.57738],[1.51734,42.57716],[1.51754,42.57694],[1.51853,42.57641],[1.51866,42.57628],[1.51867,42.57607],[1.51804,42.57524],[1.518,42.57492],[1.51808,42.57467],[1.51886,42.57273],[1.51928,42.57232],[1.52029,42.57157],[1.52077,42.57099],[1.52093,42.57066],[1.52108,42.56925],[1.52122,42.56889],[1.52205,42.56809],[1.52277,42.56775],[1.52305,42.56753],[1.5234,42.56701],[1.52358,42.56645],[1.52386,42.56598],[1.52448,42.56505],[1.52473,42.56479],[1.52622,42.56365],[1.52892,42.5626],[1.52914,42.56244],[1.52968,42.56157],[1.53054,42.56109],[1.53085,42.56082],[1.5313,42.56002],[1.53238,42.55877],[1.53251,42.55849],[1.5326,42.55651],[1.53267,42.55617],[1.53292,42.55578],[1.53291,42.55568],[1.53281,42.55561],[1.53162,42.55571],[1.53133,42.55568],[1.52968,42.55494],[1.52934,42.5547],[1.52817,42.55321],[1.52656,42.55195],[1.52638,42.55155],[1.52632,42.55092],[1.52601,42.55046],[1.52573,42.55021],[1.52423,42.54936],[1.52341,42.54918],[1.52309,42.54905],[1.52203,42.54819],[1.52177,42.54788],[1.52132,42.54656],[1.52121,42.54641],[1.52036,42.54579],[1.51999,42.54562],[1.51901,42.54546],[1.51848,42.54543],[1.51778,42.54551],[1.51716,42.5457],[1.51682,42.54602],[1.51503,42.54702],[1.51468,42.54715],[1.51443,42.54715],[1.51416,42.54704],[1.51393,42.54674],[1.51405,42.54611],[1.51424,42.54591],[1.51495,42.54556],[1.51567,42.54439],[1.51679,42.54346],[1.51701,42.54318],[1.51771,42.54187],[1.51922,42.54117],[1.51938,42.54105],[1.5195,42.54086],[1.51955,42.54064],[1.51951,42.54039],[1.51922,42.53979],[1.51919,42.53956],[1.51941,42.53875],[1.52022,42.53689],[1.52058,42.53648],[1.52107,42.5361],[1.5212,42.53585],[1.52113,42.5357],[1.5206,42.53536],[1.52002,42.53479],[1.5193,42.53394],[1.51931,42.53379],[1.51975,42.53268],[1.51951,42.53181],[1.51957,42.53154],[1.51984,42.53107],[1.51987,42.53046],[1.52008,42.53003]],[[1.52057,42.52924],[1.52041,42.52959],[1.52008,42.53003]],[[1.52084,42.52911],[1.52008,42.53003]]],"crs":null},"properties":{"ref":"CG-3","name":"Carretera General 3","kind":"Carretera general"}},{"type":"Feature","geometry":{"type":"LineString","coordinates":[[1.69904,42.54653],[1.69951,42.54654],[1.69983,42.54682],[1.69973,42.54719]],"crs":null},"properties":{"ref":" ","name":" ","kind":"Boca tunel"}},{"type":"Feature","geometry":null,"properties":{"ref":"CS-221","name":"Carretera de les Pardines","kind":"Carretera secundaria"}},{"type":"Feature","geometry":{"type":"LineString","coordinates":[[1.51393,42.54674],[1.51375,42.54683],[1.51348,42.54725],[1.51336,42.54759],[1.51338,42.54798],[1.51325,42.54818],[1.51152,42.55008],[1.50976,42.55144],[1.50895,42.55195],[1.50689,42.5538],[1.50667,42.55423],[1.5065,42.55525],[1.50575,42.55632],[1.50523,42.55678],[1.5048,42.55743],[1.50477,42.5586],[1.50472,42.55869],[1.50372,42.55949],[1.50304,42.56025],[1.50241,42.56074],[1.50214,42.56128],[1.50186,42.5614],[1.50119,42.5614],[1.50032,42.56173],[1.49971,42.56175],[1.49799,42.5615],[1.49687,42.56153],[1.49664,42.56144],[1.49429,42.55967],[1.49418,42.55954],[1.49406,42.55904],[1.4935,42.55816],[1.49325,42.55758],[1.49228,42.55635],[1.4914,42.55565],[1.4911,42.55513],[1.49069,42.55484],[1.48994,42.55378],[1.48951,42.55359],[1.48916,42.55354],[1.48804,42.55351],[1.4869,42.55274],[1.48688,42.55249],[1.48738,42.55172],[1.48767,42.55079],[1.48798,42.55023],[1.48788,42.54997],[1.4875,42.54968],[1.48733,42.54938],[1.48744,42.54889],[1.4873,42.54833],[1.48698,42.54801],[1.48626,42.54777],[1.48527,42.54788],[1.48456,42.54825],[1.48426,42.54828],[1.48419,42.54818],[1.48423,42.5481],[1.48547,42.54728],[1.4855,42.54716],[1.48471,42.5467],[1.48399,42.54596],[1.48362,42.54568],[1.48273,42.54524],[1.48201,42.54466],[1.48126,42.54392],[1.48072,42.54371],[1.47953,42.5437],[1.47859,42.54416],[1.47818,42.54446],[1.47759,42.54502],[1.4771,42.54537],[1.47667,42.54553],[1.47632,42.54556],[1.47477,42.54557],[1.47468,42.54542],[1.47471,42.54532],[1.47572,42.54509],[1.4759,42.54498],[1.47587,42.54489],[1.47525,42.5446],[1.47511,42.54461],[1.4747,42.54493],[1.47447,42.54494],[1.47426,42.5449],[1.47341,42.54451],[1.47287,42.5444],[1.4713,42.54436],[1.47069,42.54457],[1.47057,42.54455],[1.47059,42.54444],[1.47213,42.54394],[1.47226,42.54384],[1.47223,42.54373],[1.47131,42.54322],[1.47072,42.5427],[1.47038,42.54228],[1.46963,42.54174],[1.46948,42.54154],[1.4695,42.54138],[1.4696,42.54127],[1.47035,42.541],[1.47053,42.54064],[1.47061,42.54031],[1.47075,42.54011],[1.47099,42.54005],[1.47115,42.54011],[1.472,42.54075],[1.47326,42.5413],[1.47391,42.54147],[1.47462,42.54156],[1.47582,42.54141],[1.47783,42.54021],[1.47788,42.53957],[1.47842,42.53895],[1.47844,42.53845],[1.47854,42.5383],[1.47879,42.53812],[1.47992,42.53745],[1.48078,42.53717],[1.48163,42.53705],[1.48239,42.53728],[1.48259,42.53718],[1.48258,42.53711],[1.48247,42.53703],[1.48185,42.53687],[1.48,42.53671],[1.47796,42.53701],[1.47754,42.53713],[1.47714,42.53734],[1.47684,42.53761],[1.47644,42.53827],[1.47637,42.53874],[1.47602,42.5393],[1.47561,42.53951],[1.47502,42.53949],[1.47466,42.53926],[1.47356,42.53774],[1.47239,42.53647],[1.47219,42.53614],[1.47201,42.5356],[1.47174,42.53535],[1.47015,42.53447],[1.46948,42.53426],[1.46675,42.53364],[1.46634,42.5336],[1.466,42.53373],[1.46526,42.53442],[1.46433,42.5348],[1.46425,42.53493],[1.4642,42.53508],[1.46424,42.53528],[1.46495,42.53661],[1.46494,42.53678],[1.46472,42.537],[1.4641,42.53711],[1.46377,42.53707],[1.46198,42.53674],[1.46077,42.53635],[1.46054,42.53637],[1.46031,42.53648],[1.459,42.53731],[1.4588,42.53779],[1.45826,42.53842],[1.45808,42.53888],[1.458,42.53989],[1.45818,42.54052],[1.45814,42.54076],[1.45806,42.54087],[1.45689,42.54163],[1.45669,42.54205],[1.45617,42.5428],[1.45568,42.54329],[1.4542,42.54431],[1.45358,42.54459],[1.4534,42.54475],[1.4532,42.54507],[1.4527,42.54632],[1.45262,42.54673],[1.45258,42.54809],[1.45286,42.54874],[1.45331,42.5495],[1.45336,42.54998],[1.45347,42.55022],[1.45392,42.55096],[1.45398,42.55128],[1.45422,42.55169],[1.45419,42.55202],[1.4536,42.55282],[1.45222,42.55361],[1.45199,42.55367],[1.45111,42.55374],[1.45003,42.55345],[1.44901,42.5535],[1.44833,42.55334],[1.44766,42.5531],[1.44738,42.55307],[1.44703,42.55322],[1.44688,42.55341],[1.44671,42.55381],[1.44693,42.55461],[1.44691,42.55489],[1.44763,42.556],[1.44778,42.55637],[1.44777,42.55673],[1.44765,42.55713],[1.44735,42.55745],[1.44707,42.55788],[1.44632,42.55846],[1.44599,42.55861],[1.44591,42.55874],[1.44614,42.5599],[1.44608,42.56008],[1.44594,42.56016],[1.44543,42.56013],[1.44489,42.56021],[1.44429,42.56013],[1.44375,42.55999],[1.44305,42.56012],[1.44199,42.56016],[1.4412,42.56003],[1.44072,42.56005],[1.44048,42.55993],[1.43977,42.55892],[1.43956,42.55884],[1.43872,42.55898],[1.43852,42.55896],[1.43789,42.55862],[1.43729,42.55809],[1.43701,42.55811],[1.43642,42.55833],[1.43601,42.55839],[1.43536,42.55803],[1.43451,42.55798],[1.43401,42.55777],[1.43341,42.55765],[1.43321,42.5575],[1.43267,42.55673],[1.43252,42.55628],[1.43245,42.55508],[1.4323,42.55469],[1.43207,42.55446],[1.43185,42.55436],[1.43055,42.55431],[1.43004,42.5544],[1.42932,42.55465],[1.42873,42.55473],[1.42821,42.55471],[1.42504,42.5538],[1.42467,42.55352],[1.42443,42.55313],[1.42433,42.55285],[1.42427,42.55256],[1.42427,42.55062],[1.42411,42.55007],[1.4239,42.54968],[1.42335,42.54921],[1.42206,42.54858],[1.42149,42.54823],[1.42125,42.54803],[1.42065,42.54733],[1.4201,42.54686],[1.42,42.54675],[1.41992,42.54643],[1.41955,42.54638]],"crs":null},"properties":{"ref":"CG-4","name":"Carretera General 4","kind":"Carretera general"}},{"type":"Feature","geometry":{"type":"LineString","coordinates":[[1.53468,42.55646],[1.53469,42.55667],[1.53484,42.55679],[1.53568,42.5569],[1.53618,42.5569],[1.53647,42.55715],[1.53699,42.55723],[1.53742,42.55741],[1.53759,42.55744],[1.53811,42.55734],[1.5385,42.55741],[1.53932,42.55774]],"crs":null},"properties":{"ref":"CS-345","name":"Carretera de Segudet","kind":"Carretera secundaria"}},{"type":"Feature","geometry":{"type":"LineString","coordinates":[[1.46722,42.48637],[1.46759,42.48523],[1.46761,42.48491],[1.46741,42.48486],[1.46688,42.48504],[1.46604,42.48577],[1.46595,42.4858],[1.46591,42.48571],[1.4664,42.48504],[1.46639,42.48497],[1.4663,42.48497],[1.46547,42.48574],[1.46544,42.48598],[1.46552,42.48663],[1.46539,42.4873],[1.4653,42.48737],[1.46519,42.48649],[1.46488,42.48583],[1.46491,42.48511],[1.46501,42.48491],[1.46521,42.48476],[1.46511,42.48471],[1.46487,42.4849],[1.4647,42.48527],[1.46465,42.48593],[1.46482,42.48689],[1.46477,42.48702],[1.4646,42.48707],[1.46468,42.48681],[1.46417,42.48538],[1.46417,42.48472],[1.46429,42.48449],[1.46479,42.4842],[1.46498,42.48401],[1.46507,42.48368],[1.46497,42.48337],[1.46525,42.48322],[1.46466,42.48302],[1.46452,42.48305],[1.46461,42.48343],[1.46449,42.48383],[1.46413,42.48402],[1.46374,42.4841],[1.46338,42.48432],[1.46298,42.48481],[1.46281,42.48527],[1.46274,42.48522],[1.46269,42.48496],[1.46286,42.48407],[1.46278,42.48403],[1.46269,42.48408],[1.46201,42.48515],[1.46201,42.48537],[1.46227,42.48583],[1.46184,42.48625],[1.46146,42.48615],[1.46108,42.48618],[1.46064,42.48602],[1.45979,42.48505],[1.46062,42.48563],[1.46079,42.48564],[1.4608,42.4855],[1.46045,42.48525],[1.45986,42.48459],[1.45956,42.48446],[1.45918,42.48449],[1.45934,42.48434],[1.45955,42.48425],[1.46045,42.48451],[1.46065,42.48448],[1.46068,42.48384],[1.46044,42.48337],[1.46013,42.48303],[1.46,42.48306],[1.46016,42.48338],[1.46012,42.48362],[1.45937,42.48345],[1.45912,42.48346],[1.45848,42.48381],[1.45813,42.48412],[1.45801,42.48408]],"crs":null},"properties":{"ref":"CS-610","name":"Carretera d'Aixàs","kind":"Carretera secundaria"}},{"type":"Feature","geometry":{"type":"LineString","coordinates":[[1.59345,42.56196],[1.59353,42.56215],[1.59349,42.56241],[1.59358,42.56256],[1.59418,42.56309],[1.59451,42.56321],[1.59533,42.56307],[1.59599,42.56285],[1.59599,42.56275],[1.59589,42.56267],[1.59522,42.56244],[1.59524,42.56228],[1.59549,42.56215],[1.59602,42.56205],[1.59758,42.56201],[1.59877,42.56176],[1.59929,42.56182],[1.60041,42.56221],[1.60084,42.56244],[1.60109,42.56276],[1.60129,42.5629],[1.60158,42.563],[1.60183,42.563],[1.60195,42.56294],[1.60197,42.56282],[1.60155,42.56249],[1.60125,42.56167],[1.60102,42.56137],[1.60045,42.561],[1.59999,42.5609],[1.59947,42.56089],[1.59938,42.56081],[1.59948,42.56072],[1.59988,42.56078],[1.60061,42.56066],[1.60105,42.56069],[1.60232,42.56128],[1.60303,42.56142],[1.60334,42.56171],[1.6035,42.56165],[1.60349,42.56156],[1.60335,42.56144],[1.60236,42.56095],[1.60202,42.56031],[1.60156,42.55985],[1.60161,42.5597],[1.60259,42.55882],[1.60255,42.5587],[1.6024,42.55859],[1.60156,42.55831],[1.60141,42.5582],[1.60143,42.55799],[1.60182,42.55762],[1.60192,42.5576],[1.60202,42.55767],[1.60179,42.55801],[1.60183,42.55814],[1.60195,42.5582],[1.60266,42.55824],[1.60374,42.55847],[1.60417,42.55846],[1.60478,42.55834],[1.60494,42.55838],[1.60498,42.5585],[1.60479,42.55881],[1.60472,42.55905],[1.60467,42.5598],[1.60472,42.56003],[1.60491,42.56023],[1.60538,42.56045],[1.60587,42.56091],[1.60641,42.56111],[1.60653,42.56109],[1.60656,42.56101],[1.60605,42.56058],[1.60595,42.56029],[1.60593,42.55989],[1.60606,42.55924],[1.60643,42.55872],[1.60812,42.55744],[1.60839,42.55729],[1.6085,42.55732],[1.60851,42.55743],[1.6081,42.5578],[1.60792,42.55826],[1.60761,42.55869],[1.60727,42.55952],[1.60728,42.55972],[1.60738,42.55989],[1.60757,42.56008],[1.60812,42.56043],[1.60822,42.56035],[1.6082,42.56028],[1.60787,42.55996],[1.60779,42.55978],[1.60779,42.55953],[1.60788,42.55938],[1.60845,42.55886],[1.60978,42.55793]],"crs":null},"properties":{"ref":"CS-251","name":"Carretera del Forn","kind":"Carretera secundaria"}},{"type":"Feature","geometry":{"type":"MultiLineString","coordinates":[[[1.45112,42.4889],[1.45086,42.48918],[1.44981,42.48941],[1.44951,42.48955],[1.44922,42.48996],[1.44905,42.49039],[1.44886,42.49055],[1.44819,42.49079],[1.44635,42.49126],[1.44587,42.49151],[1.44568,42.49172],[1.4455,42.49214],[1.44524,42.49242],[1.44497,42.49299],[1.44438,42.49377],[1.44409,42.4945],[1.4438,42.49505]],[[1.49046,42.47658],[1.48569,42.47555],[1.48469,42.4754],[1.48386,42.47563],[1.48296,42.47574],[1.4814,42.4762],[1.48093,42.47655],[1.48031,42.47742],[1.47984,42.47755],[1.47908,42.47763],[1.47866,42.47756],[1.47811,42.47742],[1.47752,42.47708],[1.47669,42.47686],[1.47535,42.47715],[1.4744,42.47712],[1.47368,42.47695],[1.47329,42.47709],[1.47278,42.47745],[1.47232,42.47765],[1.47204,42.47813],[1.47152,42.4779],[1.47057,42.47778],[1.46978,42.47792],[1.46903,42.4778],[1.46856,42.4781],[1.46856,42.47831],[1.46847,42.47844],[1.46815,42.47866],[1.46786,42.47898],[1.46757,42.4791],[1.46727,42.47908],[1.46699,42.47894],[1.46654,42.47815],[1.4664,42.47804],[1.46623,42.47803],[1.46595,42.47823],[1.46562,42.47859],[1.46535,42.47924],[1.46439,42.47963],[1.46415,42.47959],[1.46398,42.47947],[1.46385,42.4789],[1.46344,42.47843],[1.46314,42.47832],[1.46266,42.47841],[1.46237,42.47856],[1.46221,42.47895],[1.46187,42.4792],[1.46193,42.47955],[1.46189,42.47964],[1.4611,42.47984],[1.46079,42.4806],[1.45938,42.48092],[1.45898,42.48109],[1.45847,42.48279],[1.45856,42.48327],[1.45852,42.48346],[1.45834,42.48378],[1.45802,42.48407],[1.45737,42.48435],[1.45673,42.48441],[1.4552,42.48415],[1.45413,42.48375],[1.45404,42.4838],[1.45403,42.48388],[1.45428,42.4844],[1.45415,42.48465],[1.45381,42.48474],[1.45297,42.48473],[1.45266,42.48481],[1.45257,42.48504],[1.45308,42.48562],[1.45313,42.48574],[1.45309,42.48582],[1.4529,42.48594],[1.45237,42.486],[1.45209,42.48634],[1.45185,42.48649],[1.45099,42.48667],[1.45054,42.4869],[1.45065,42.48701],[1.45127,42.48706],[1.45161,42.48717],[1.45177,42.4873],[1.45196,42.48764],[1.45186,42.48816],[1.45152,42.48843],[1.45112,42.4889]]],"crs":null},"properties":{"ref":"CG-6","name":"Carretera General 6","kind":"Carretera general"}},{"type":"Feature","geometry":{"type":"LineString","coordinates":[[1.47682,42.5789],[1.47736,42.57852],[1.47788,42.5783],[1.4786,42.57816]],"crs":null},"properties":{"ref":" ","name":" ","kind":"Carretera secundaria Tunel"}},{"type":"Feature","geometry":{"type":"LineString","coordinates":[[1.47825,42.5802],[1.47933,42.58016],[1.47968,42.58009],[1.48036,42.57967]],"crs":null},"properties":{"ref":" ","name":" ","kind":"Carretera secundaria Tunel"}},{"type":"Feature","geometry":{"type":"LineString","coordinates":[[1.53004,42.44474],[1.53077,42.44488],[1.53147,42.44538],[1.53168,42.44542],[1.53194,42.4453],[1.53268,42.44461],[1.53381,42.4439],[1.5348,42.44358],[1.53501,42.44358],[1.5351,42.44366],[1.53515,42.44416],[1.5348,42.44505],[1.53494,42.44588],[1.53448,42.44652],[1.53431,42.44708],[1.53441,42.44728],[1.53508,42.44751],[1.53515,42.44765],[1.53512,42.44778],[1.53469,42.44817],[1.53423,42.44836],[1.53381,42.44842],[1.53309,42.44832],[1.53287,42.44837],[1.53227,42.44877],[1.53196,42.44954],[1.53172,42.44961],[1.53123,42.44959],[1.53063,42.44975],[1.53052,42.44983],[1.53047,42.44999],[1.53053,42.45022],[1.5307,42.45041],[1.53178,42.45094],[1.53217,42.45127],[1.53226,42.45144],[1.53239,42.45221],[1.53286,42.4529],[1.53314,42.45384],[1.53338,42.45426],[1.53365,42.45456],[1.53461,42.45508],[1.53474,42.45527],[1.53468,42.45541],[1.53455,42.45551],[1.53387,42.45588],[1.53344,42.45603],[1.53181,42.45633],[1.53035,42.45634],[1.52958,42.45661],[1.52946,42.45672],[1.52945,42.45692],[1.52975,42.45779],[1.52928,42.45815],[1.529,42.45856],[1.52826,42.45844],[1.52769,42.45822],[1.52722,42.45835],[1.52696,42.45833],[1.52435,42.45727],[1.52404,42.45742],[1.52373,42.45772],[1.52344,42.45813],[1.52303,42.45828],[1.52273,42.4585],[1.52179,42.45872],[1.52112,42.45875],[1.51927,42.45826],[1.51898,42.45829],[1.51895,42.45837],[1.51903,42.45845],[1.51981,42.45859],[1.52031,42.45879],[1.52102,42.45941],[1.52141,42.46009],[1.52166,42.46076],[1.52174,42.46128],[1.52168,42.46138],[1.52156,42.46141],[1.52143,42.46133],[1.52145,42.46093],[1.52127,42.46049],[1.52093,42.46001],[1.52062,42.45971],[1.51961,42.45924],[1.51811,42.45898],[1.51675,42.45851],[1.51626,42.45826],[1.5161,42.45831],[1.5161,42.45845],[1.518,42.45936],[1.5192,42.46005],[1.51966,42.46046],[1.51976,42.46064],[1.51975,42.46075],[1.51962,42.46082],[1.51945,42.46079],[1.51928,42.46041],[1.519,42.46018],[1.51738,42.45955],[1.51561,42.45905],[1.5135,42.45872],[1.5128,42.45855],[1.51224,42.45821],[1.51209,42.45791],[1.51196,42.45784],[1.51175,42.45792],[1.51182,42.45816],[1.51209,42.45842],[1.51265,42.4588],[1.51303,42.459],[1.51576,42.46003],[1.51587,42.46012],[1.51587,42.46024],[1.51562,42.46026],[1.51441,42.45983],[1.51284,42.45959],[1.51237,42.45946],[1.51119,42.45899],[1.50925,42.45797],[1.50904,42.45801],[1.50904,42.45815],[1.51017,42.45879],[1.51219,42.46005],[1.5131,42.46078],[1.51388,42.46089],[1.51401,42.46097],[1.51402,42.46108],[1.51386,42.46114],[1.51295,42.46098],[1.51078,42.45996],[1.50958,42.45959],[1.50779,42.45941],[1.50659,42.45948],[1.50488,42.4589],[1.50367,42.45876],[1.50317,42.4586],[1.50299,42.45867],[1.50299,42.45877],[1.50308,42.45883],[1.50423,42.45907],[1.5049,42.45936],[1.50596,42.46013],[1.5069,42.46041],[1.50844,42.46126],[1.50879,42.46155],[1.50912,42.46204],[1.50964,42.46233],[1.50961,42.46247],[1.50949,42.46256],[1.50883,42.46267],[1.50804,42.46259],[1.50688,42.46226],[1.50591,42.46189],[1.50543,42.46147],[1.50452,42.46139],[1.50335,42.46066],[1.5017,42.46026],[1.50109,42.46019],[1.50022,42.46022],[1.49842,42.46059],[1.49792,42.46056],[1.49685,42.46001],[1.49643,42.45967],[1.49605,42.45918],[1.49587,42.45913],[1.49574,42.4592],[1.49577,42.45934],[1.49672,42.46037],[1.49739,42.46094],[1.50057,42.4617],[1.50116,42.46211],[1.50191,42.46248],[1.50199,42.46259],[1.50189,42.46268],[1.50163,42.46262],[1.50031,42.46211],[1.49859,42.46214],[1.4973,42.46184],[1.49663,42.46191],[1.49505,42.46121],[1.49476,42.461],[1.4946,42.4607],[1.49435,42.4607],[1.49433,42.46079],[1.49444,42.46095],[1.49556,42.4623],[1.49591,42.46256],[1.49633,42.46269],[1.49631,42.46281],[1.49617,42.46286],[1.4947,42.46224],[1.4942,42.46196],[1.49318,42.46119],[1.49148,42.46035]],"crs":null},"properties":{"ref":"CS-131","name":"Carretera de la Peguera","kind":"Carretera secundaria"}},{"type":"Feature","geometry":{"type":"LineString","coordinates":[[1.58049,42.53401],[1.57975,42.53435],[1.57929,42.53482],[1.57732,42.53453]],"crs":null},"properties":{"ref":" ","name":" ","kind":"Xarxa basica"}},{"type":"Feature","geometry":{"type":"LineString","coordinates":[[1.57221,42.55612],[1.57191,42.55614],[1.57162,42.55607],[1.57109,42.5555],[1.57079,42.55533],[1.56828,42.55459],[1.56693,42.55362],[1.56541,42.55312],[1.56433,42.55244],[1.56364,42.55213],[1.56312,42.55199],[1.56248,42.55195],[1.56068,42.55211],[1.55918,42.55263],[1.55874,42.55269],[1.55752,42.55261],[1.55675,42.55231],[1.55577,42.55208],[1.55515,42.55201],[1.55462,42.552],[1.55379,42.5521],[1.55273,42.55245],[1.5524,42.55239],[1.55208,42.55218],[1.5519,42.55219],[1.55193,42.55231],[1.55214,42.55247],[1.55304,42.55286],[1.55355,42.55291],[1.55463,42.55288],[1.55562,42.55305],[1.55686,42.55361],[1.55759,42.55432],[1.55821,42.55473],[1.55958,42.55505],[1.5604,42.55516],[1.56097,42.55565],[1.56181,42.55568],[1.562,42.55574],[1.56206,42.55582],[1.56198,42.55591],[1.56179,42.55595],[1.56031,42.55599],[1.5587,42.55619],[1.55747,42.55613],[1.55679,42.55627],[1.55613,42.55622],[1.55577,42.55609],[1.55564,42.55595],[1.55577,42.5552],[1.55571,42.55504],[1.55556,42.55493],[1.55434,42.55482],[1.55344,42.55489],[1.55252,42.55512],[1.55218,42.55506],[1.55053,42.55423],[1.5495,42.55399],[1.54906,42.55374],[1.54836,42.55352],[1.54802,42.55331],[1.54778,42.553],[1.54729,42.55263],[1.54523,42.55185],[1.54468,42.55112],[1.54457,42.55055],[1.54434,42.55048],[1.54349,42.5504],[1.54325,42.5503],[1.54291,42.55006],[1.54291,42.54968],[1.54284,42.54954],[1.54174,42.54935],[1.54083,42.54935],[1.54091,42.54945],[1.54172,42.54955],[1.54234,42.54975],[1.54245,42.54989],[1.54244,42.55026],[1.54282,42.55069],[1.54366,42.55104],[1.54376,42.55191],[1.54368,42.55229],[1.54376,42.5528],[1.54388,42.55294],[1.54439,42.55315],[1.5445,42.55338],[1.54439,42.55365],[1.544,42.55407],[1.54399,42.55419],[1.54408,42.55434],[1.54427,42.55444],[1.54463,42.55448],[1.54533,42.5545],[1.54593,42.55444],[1.54636,42.55493],[1.54775,42.55561],[1.5479,42.55575],[1.54869,42.55738],[1.54882,42.55749],[1.54936,42.55774],[1.5493,42.55787],[1.54913,42.5579],[1.54885,42.55781],[1.54815,42.55743],[1.54774,42.55697],[1.54738,42.55643],[1.54661,42.55625],[1.54595,42.55582],[1.54578,42.55583],[1.54574,42.55594],[1.54628,42.55653],[1.5463,42.55663],[1.54622,42.5567],[1.54598,42.55665],[1.54537,42.55605],[1.54434,42.55608],[1.54367,42.55579],[1.54265,42.5557],[1.54101,42.55528],[1.54087,42.55514],[1.54085,42.55499],[1.54129,42.55439],[1.54131,42.55414],[1.54078,42.55368],[1.54066,42.55318],[1.54051,42.55293],[1.53987,42.55239],[1.53945,42.55214],[1.53694,42.55162],[1.5356,42.55097],[1.5347,42.55072],[1.53343,42.55078],[1.53259,42.55052],[1.53071,42.55054],[1.53013,42.55039],[1.52981,42.55037],[1.52843,42.55062],[1.52843,42.55074],[1.5286,42.55083],[1.52919,42.55091],[1.52971,42.55113],[1.5305,42.55123],[1.53087,42.55172],[1.53268,42.55236],[1.53297,42.55279],[1.53308,42.55316],[1.53385,42.55384],[1.53378,42.55397],[1.53359,42.554],[1.53249,42.55384],[1.53208,42.55369],[1.5319,42.55376],[1.53193,42.55395],[1.53224,42.55451],[1.53308,42.55546],[1.53307,42.55557],[1.53291,42.55568]],"crs":null},"properties":{"ref":"CS-340","name":"Carretera del Coll d'Ordino","kind":"Carretera secundaria"}},{"type":"Feature","geometry":{"type":"LineString","coordinates":[[1.53322,42.5105],[1.53302,42.51084]],"crs":null},"properties":{"ref":"CG-3","name":"Carretera general 3","kind":"Carretera general"}},{"type":"Feature","geometry":{"type":"LineString","coordinates":[[1.44734,42.45895],[1.44707,42.45884],[1.44615,42.45868]],"crs":null},"properties":{"ref":"CS-144","name":"Carretera de Mossers i de Civís","kind":"Carretera secundaria"}},{"type":"Feature","geometry":{"type":"LineString","coordinates":[[1.45844,42.48365],[1.45814,42.48364],[1.4575,42.48386],[1.45686,42.48392],[1.45582,42.4838],[1.45508,42.48356],[1.45518,42.4835],[1.45574,42.48365],[1.45677,42.48354],[1.45707,42.48336],[1.45721,42.48305],[1.45695,42.483],[1.45634,42.48327],[1.45585,42.48332],[1.45548,42.48322],[1.45512,42.48295],[1.45519,42.48292],[1.45555,42.48308],[1.45581,42.4831],[1.45602,42.48304],[1.45616,42.48289],[1.45643,42.48225],[1.45674,42.48179],[1.45675,42.48166],[1.45656,42.48169],[1.45627,42.48185],[1.45572,42.48244],[1.45544,42.48248],[1.45533,42.4824],[1.45558,42.48215],[1.45583,42.48143],[1.45625,42.48085],[1.45604,42.48091],[1.45536,42.48157],[1.45511,42.48161],[1.45459,42.48157],[1.45403,42.48184],[1.45391,42.48182],[1.45426,42.48129],[1.45506,42.48108],[1.45517,42.48068],[1.45508,42.48023],[1.45498,42.48028],[1.45496,42.4806],[1.45488,42.48068],[1.45379,42.48076],[1.45337,42.48098],[1.45317,42.48121],[1.45309,42.4812],[1.45351,42.48043],[1.45404,42.47993],[1.45413,42.47974],[1.45413,42.47964],[1.45394,42.47965],[1.45315,42.48029],[1.45303,42.48032],[1.45331,42.47921],[1.45352,42.47897],[1.45384,42.47883],[1.45385,42.47877],[1.45348,42.47876],[1.45304,42.47897],[1.45287,42.47916],[1.45259,42.47989],[1.45248,42.4799],[1.45249,42.47953],[1.45234,42.47907],[1.45241,42.47868],[1.45232,42.4783],[1.4524,42.47801],[1.45277,42.47766],[1.45302,42.47725],[1.45303,42.47701],[1.45288,42.47663],[1.45303,42.47648],[1.45321,42.47641],[1.45369,42.47667],[1.45435,42.4768],[1.45346,42.47617],[1.45357,42.47614],[1.45397,42.47624],[1.45402,42.47618],[1.45302,42.47569],[1.45227,42.47569],[1.45211,42.47576],[1.45191,42.47615],[1.45172,42.47636],[1.45133,42.47654],[1.45108,42.47678],[1.45088,42.47673],[1.4508,42.47663],[1.45078,42.47644],[1.45098,42.47587],[1.45089,42.47539],[1.45092,42.47524],[1.45163,42.47496],[1.45222,42.47486],[1.45228,42.47473],[1.45191,42.47461],[1.4512,42.47454],[1.45124,42.47444],[1.45167,42.47428],[1.45133,42.47375],[1.45125,42.47347],[1.45039,42.47304],[1.45006,42.47278],[1.4493,42.47254],[1.44922,42.47257],[1.44926,42.47265],[1.45001,42.47293],[1.45046,42.47339],[1.4505,42.47362],[1.45038,42.47361],[1.45024,42.47338],[1.44994,42.4732],[1.44861,42.47282],[1.44831,42.4726],[1.44811,42.47182],[1.44829,42.47102],[1.44825,42.47094],[1.44809,42.47094],[1.44789,42.47114],[1.4475,42.4722],[1.44737,42.47238],[1.44721,42.47233],[1.44718,42.47197],[1.44688,42.47146],[1.44686,42.47104],[1.44713,42.47042],[1.44673,42.46986],[1.4465,42.46936],[1.44643,42.46893],[1.44648,42.46839],[1.44628,42.46773],[1.44661,42.46743],[1.44757,42.46697],[1.44777,42.46623],[1.44802,42.46584],[1.44837,42.46549],[1.44927,42.46528],[1.44987,42.46489],[1.45006,42.46466],[1.45026,42.4641],[1.45048,42.46384],[1.45106,42.46369],[1.45157,42.46365],[1.45235,42.4637],[1.4528,42.46393],[1.45288,42.46389],[1.45263,42.46357],[1.452,42.46315],[1.45155,42.46294],[1.45051,42.4626],[1.45008,42.46257],[1.44954,42.4628],[1.44912,42.46287],[1.4474,42.46279],[1.4469,42.463],[1.44684,42.46288],[1.44705,42.46259],[1.44694,42.46252],[1.44621,42.46287],[1.44586,42.46396],[1.44579,42.46406],[1.4457,42.46402],[1.44574,42.46358],[1.44568,42.46268],[1.44574,42.46229],[1.44608,42.46213],[1.44706,42.46188],[1.44807,42.46149],[1.44855,42.461],[1.44903,42.46084],[1.44992,42.45963],[1.44999,42.45947],[1.44993,42.45936]],"crs":null},"properties":{"ref":"CS-600","name":"Carretera de Canòlic","kind":"Carretera secundaria"}},{"type":"Feature","geometry":{"type":"LineString","coordinates":[[1.58814,42.53527],[1.58831,42.53503],[1.58807,42.53473],[1.58809,42.53415],[1.58688,42.5328],[1.58677,42.53228],[1.58648,42.53196],[1.58654,42.53185],[1.58676,42.53187],[1.58737,42.53238],[1.58848,42.53239],[1.58904,42.5327],[1.58961,42.53277],[1.5902,42.53273],[1.5907,42.53261],[1.59208,42.53188],[1.59263,42.53192],[1.59278,42.53202],[1.59284,42.53216],[1.59252,42.53278],[1.59246,42.53303],[1.5925,42.5335],[1.59217,42.53399],[1.59217,42.53417],[1.59272,42.5345],[1.59334,42.53512],[1.59351,42.53514],[1.59357,42.53499],[1.59297,42.53402],[1.59308,42.5339],[1.59321,42.53392],[1.59339,42.53422],[1.5939,42.53434],[1.59425,42.53459],[1.59481,42.53476],[1.59528,42.53536],[1.59544,42.53542],[1.59554,42.53532],[1.59547,42.53462],[1.59488,42.53418],[1.59483,42.53399],[1.59585,42.53314],[1.59615,42.53281],[1.59628,42.53277],[1.59634,42.53283],[1.59608,42.53336],[1.59594,42.53401],[1.59604,42.53408],[1.59615,42.53405],[1.5964,42.53374],[1.59654,42.53344],[1.59709,42.53288],[1.59709,42.53234],[1.59797,42.53169],[1.59985,42.53136],[1.6004,42.53133],[1.60056,42.53139],[1.60063,42.53149],[1.60062,42.53161],[1.60054,42.5317],[1.59995,42.53194],[1.59896,42.53263],[1.59826,42.53287],[1.5982,42.533],[1.59829,42.53308],[1.5985,42.53306],[1.59891,42.53282],[1.60019,42.5326],[1.60307,42.53245],[1.60412,42.53233],[1.60568,42.53198],[1.60652,42.53154],[1.607,42.53118],[1.60752,42.53023],[1.60779,42.53003],[1.60789,42.53013],[1.60777,42.53051],[1.60793,42.53132],[1.60785,42.53165],[1.608,42.53168],[1.60816,42.5315],[1.60834,42.5309],[1.60849,42.53086],[1.60856,42.53095],[1.60847,42.53154],[1.60826,42.53194],[1.60764,42.53253],[1.60684,42.53304],[1.60534,42.53376],[1.60392,42.53416],[1.60383,42.53424],[1.60389,42.53436],[1.60404,42.53439],[1.60759,42.53365],[1.60891,42.53354],[1.61022,42.53352],[1.61185,42.53369],[1.61342,42.53404],[1.61362,42.53419],[1.61374,42.53441],[1.61374,42.53464],[1.61357,42.535],[1.61369,42.5351],[1.61442,42.53516],[1.61631,42.53514],[1.6178,42.53565],[1.61831,42.53576],[1.61897,42.53578],[1.6205,42.53566],[1.62155,42.53552],[1.62288,42.53523],[1.62402,42.53513],[1.62458,42.53515],[1.625,42.53531],[1.62556,42.53577],[1.62645,42.5361],[1.62659,42.53628],[1.6266,42.53651],[1.62644,42.53688],[1.62616,42.5372],[1.62597,42.53732],[1.6247,42.53768],[1.62455,42.53779],[1.62421,42.53823],[1.62385,42.53842],[1.6234,42.53847],[1.62219,42.53841],[1.62209,42.5385],[1.62211,42.53858],[1.62223,42.53862],[1.62288,42.53859],[1.62353,42.53877],[1.62431,42.53884],[1.62595,42.53875],[1.62752,42.53882],[1.62916,42.5388],[1.6309,42.5391],[1.63131,42.53906],[1.63203,42.53874],[1.63239,42.53868],[1.63333,42.53885],[1.63399,42.53888],[1.63416,42.53897],[1.63414,42.53908],[1.63399,42.53914],[1.63332,42.5392],[1.63194,42.53958],[1.63133,42.5396]],"crs":null},"properties":{"ref":"CS-220","name":"Carretera dels Cortals d'Encamp","kind":"Carretera secundaria"}},{"type":"Feature","geometry":{"type":"LineString","coordinates":[[1.56941,42.5279],[1.57094,42.52891]],"crs":null},"properties":{"ref":"CG-2","name":"Túnels de Ràdio Andorra","kind":"Carretera general Tunel"}},{"type":"Feature","geometry":{"type":"LineString","coordinates":[[1.51974,42.53273],[1.51998,42.5328],[1.52007,42.53292],[1.51973,42.53364],[1.51973,42.53394],[1.51987,42.53416],[1.52011,42.53434],[1.52057,42.5345],[1.521,42.5345],[1.5214,42.53434],[1.5222,42.53359],[1.5231,42.53317],[1.52312,42.53261],[1.52354,42.53236],[1.52351,42.53227],[1.52297,42.53204],[1.52269,42.53177],[1.5227,42.53105],[1.52275,42.53095],[1.52285,42.53093],[1.52291,42.53102],[1.52285,42.53139],[1.52299,42.53166],[1.52387,42.53193],[1.52497,42.53208],[1.52527,42.53242],[1.52542,42.53285],[1.52537,42.53298],[1.52502,42.53327],[1.52494,42.53371],[1.52486,42.53383],[1.52332,42.53451],[1.52322,42.53459],[1.52324,42.53467],[1.52337,42.53469],[1.52502,42.53432],[1.52541,42.53394],[1.52568,42.53349],[1.5258,42.53346],[1.52587,42.53355],[1.52569,42.53394],[1.52592,42.53483],[1.5274,42.53597],[1.52789,42.53628],[1.52846,42.53653],[1.52793,42.53618],[1.52768,42.53586],[1.52712,42.53537],[1.52707,42.53527],[1.52711,42.53521],[1.52723,42.53523],[1.52828,42.53593],[1.52896,42.53615],[1.5298,42.5363],[1.53001,42.53639],[1.53035,42.53668],[1.5309,42.53679],[1.53099,42.53676],[1.53099,42.53669],[1.53062,42.5366],[1.53049,42.53651],[1.53029,42.53601],[1.53011,42.53576],[1.52885,42.53531],[1.52807,42.53465],[1.52797,42.53433],[1.52817,42.53411],[1.52893,42.5336],[1.52995,42.53278],[1.5315,42.53214],[1.53207,42.53178],[1.53215,42.53187],[1.5321,42.53196],[1.53039,42.53307],[1.53001,42.5338],[1.53005,42.53393],[1.53022,42.53401],[1.53075,42.53411],[1.53182,42.53456],[1.53436,42.53485],[1.53494,42.53555],[1.53521,42.53567],[1.5362,42.5356],[1.53622,42.53551],[1.53598,42.5352],[1.53607,42.53478],[1.53617,42.53469],[1.53628,42.53475],[1.5363,42.53512],[1.53651,42.5353],[1.53782,42.53514],[1.53812,42.53609],[1.53831,42.53625],[1.53861,42.53669],[1.53865,42.53699],[1.53855,42.53757],[1.53868,42.53781],[1.53931,42.53812],[1.54114,42.53814],[1.54154,42.53831],[1.54231,42.53843],[1.54241,42.53834],[1.54232,42.53822],[1.54176,42.53806],[1.54096,42.53766],[1.54001,42.53742],[1.53992,42.53731],[1.54011,42.537],[1.54017,42.53673],[1.54042,42.53629],[1.54052,42.53594],[1.54075,42.53559],[1.54084,42.53496],[1.54074,42.5344],[1.54096,42.53392],[1.54128,42.53366],[1.54142,42.53345],[1.54153,42.53289],[1.54131,42.53246],[1.54138,42.5324],[1.54153,42.53239],[1.54195,42.5327],[1.54238,42.5336],[1.54253,42.53419],[1.54269,42.53519],[1.54264,42.53592],[1.54275,42.53608],[1.54465,42.5364],[1.54521,42.53624],[1.54564,42.5363],[1.54659,42.53676],[1.54711,42.53714],[1.54905,42.53809],[1.54912,42.538],[1.54903,42.53786],[1.54782,42.53707],[1.54725,42.53616],[1.54579,42.535],[1.54562,42.53483],[1.54555,42.53464],[1.54557,42.53371],[1.54543,42.53224],[1.54553,42.53192],[1.54617,42.53084],[1.54608,42.53046],[1.54575,42.5297],[1.54592,42.52866],[1.54602,42.52853],[1.54806,42.5277]],"crs":null},"properties":{"ref":"CS-310","name":"Carretrea d'Anyós","kind":"Carretera secundaria"}},{"type":"Feature","geometry":{"type":"LineString","coordinates":[[1.56903,42.52798],[1.56925,42.52799],[1.56954,42.52782],[1.56959,42.52764]],"crs":null},"properties":{"ref":" ","name":" ","kind":"Boca tunel"}},{"type":"Feature","geometry":{"type":"LineString","coordinates":[[1.52037,42.52401],[1.52086,42.52387],[1.52121,42.52407],[1.52132,42.52443]],"crs":null},"properties":{"ref":" ","name":" ","kind":"Boca tunel"}},{"type":"Feature","geometry":{"type":"LineString","coordinates":[[1.49246,42.56548],[1.49294,42.56497],[1.49295,42.56482],[1.49263,42.56482],[1.49193,42.56542],[1.49118,42.56592],[1.49102,42.56594],[1.49081,42.56587]],"crs":null},"properties":{"ref":"CS-500","name":"Carretera del Puiol del Piu","kind":"Carretera secundaria"}},{"type":"Feature","geometry":{"type":"LineString","coordinates":[[1.51549,42.54158],[1.51585,42.54092],[1.5163,42.54044],[1.51656,42.53956],[1.51654,42.53877],[1.51604,42.53747],[1.51638,42.53694],[1.51645,42.53634],[1.5161,42.53579],[1.51589,42.53531],[1.5157,42.53435]],"crs":null},"properties":{"ref":"CS-321","name":"Carretera de Sispony i dels Plans","kind":"Carretera secundaria"}},{"type":"Feature","geometry":{"type":"LineString","coordinates":[[1.57129,42.52877],[1.57108,42.52879],[1.57083,42.529],[1.57083,42.52919]],"crs":null},"properties":{"ref":" ","name":" ","kind":"Boca tunel"}},{"type":"Feature","geometry":{"type":"LineString","coordinates":[[1.4963,42.49013],[1.49634,42.48972],[1.49625,42.48953],[1.49541,42.48852],[1.49473,42.48797]],"crs":null},"properties":{"ref":"CG-1","name":"Carretera General 1","kind":"Carretera general"}},{"type":"Feature","geometry":{"type":"LineString","coordinates":[[1.53408,42.50849],[1.53391,42.5096],[1.53372,42.50998]],"crs":null},"properties":{"ref":"CG-3","name":"Carretera general 3","kind":"Carretera general"}},{"type":"Feature","geometry":{"type":"LineString","coordinates":[[1.50477,42.63188],[1.50705,42.6321]],"crs":null},"properties":{"ref":"CG-3","name":"Tunel d'Arcalís","kind":"Carretera general Tunel"}},{"type":"Feature","geometry":{"type":"LineString","coordinates":[[1.48259,42.53718],[1.48421,42.53797],[1.48616,42.53851],[1.4868,42.53875],[1.48836,42.53949],[1.48913,42.53963],[1.49001,42.53967],[1.49044,42.53981],[1.4915,42.54046],[1.49198,42.54088],[1.49221,42.54117],[1.49278,42.54235],[1.49328,42.54276],[1.49362,42.54289],[1.49399,42.54278],[1.49409,42.54258],[1.49392,42.54104],[1.49457,42.53905],[1.4946,42.53863],[1.4945,42.53824],[1.49429,42.53784],[1.49401,42.53759],[1.49332,42.53735],[1.49273,42.53704],[1.49238,42.53702],[1.49206,42.53711],[1.49187,42.53725],[1.49165,42.53757],[1.49167,42.53785],[1.49177,42.53807],[1.49238,42.53881],[1.49276,42.53945],[1.49288,42.53956],[1.49319,42.53969],[1.49365,42.53964],[1.4939,42.53943],[1.49408,42.53909],[1.49425,42.53838],[1.49432,42.53825],[1.49447,42.53818]],"crs":null},"properties":{"ref":"CS-420","name":"Carretera de la Caubella","kind":"Carretera secundaria"}},{"type":"Feature","geometry":{"type":"LineString","coordinates":[[1.52322,42.51915],[1.52359,42.51881],[1.52422,42.51874],[1.52452,42.51901]],"crs":null},"properties":{"ref":" ","name":" ","kind":"Boca tunel"}},{"type":"Feature","geometry":{"type":"LineString","coordinates":[[1.73269,42.54698],[1.73258,42.54672],[1.73287,42.54644],[1.73326,42.54642]],"crs":null},"properties":{"ref":" ","name":" ","kind":"Boca tunel"}},{"type":"Feature","geometry":{"type":"LineString","coordinates":[[1.52196,42.52886],[1.52219,42.52886],[1.52239,42.52899],[1.52242,42.52916]],"crs":null},"properties":{"ref":" ","name":" ","kind":"Boca tunel"}},{"type":"Feature","geometry":{"type":"LineString","coordinates":[[1.52085,42.52939],[1.52071,42.52926],[1.52036,42.52922],[1.52016,42.52931]],"crs":null},"properties":{"ref":" ","name":" ","kind":"Boca tunel"}},{"type":"Feature","geometry":{"type":"LineString","coordinates":[[1.49148,42.46936],[1.49171,42.46967],[1.49234,42.4697],[1.49261,42.4694]],"crs":null},"properties":{"ref":" ","name":" ","kind":"Boca tunel"}},{"type":"Feature","geometry":{"type":"LineString","coordinates":[[1.57094,42.52891],[1.57149,42.52937],[1.57202,42.52933],[1.57265,42.5295],[1.57303,42.52972],[1.57362,42.53054],[1.57411,42.53094],[1.57458,42.53119],[1.57524,42.53139],[1.57656,42.53165],[1.57799,42.53177],[1.58206,42.53169],[1.58253,42.53173],[1.5834,42.53201],[1.58378,42.53224],[1.58509,42.53342],[1.58544,42.53353],[1.58563,42.53366],[1.58618,42.53418],[1.58732,42.53473],[1.58843,42.53548],[1.58911,42.53685],[1.58934,42.53702],[1.59097,42.53776],[1.59133,42.53796],[1.59155,42.53818],[1.59173,42.53857],[1.59185,42.54016],[1.59235,42.54083],[1.59225,42.5412],[1.59181,42.54164],[1.59165,42.54191],[1.59152,42.54286],[1.5916,42.54334],[1.59182,42.54385],[1.59188,42.54431],[1.59143,42.54546],[1.59138,42.54583],[1.59142,42.54618],[1.59173,42.54683],[1.59185,42.54725],[1.59183,42.54807],[1.59141,42.54982],[1.59073,42.55115],[1.59013,42.55188],[1.58907,42.55266],[1.5888,42.55295],[1.58869,42.55332],[1.58869,42.55362],[1.58851,42.55451],[1.58849,42.55553],[1.58871,42.55624],[1.58861,42.55677],[1.58865,42.5575],[1.58886,42.55817],[1.58916,42.55875],[1.58924,42.55955],[1.5898,42.56021],[1.59013,42.56085],[1.59037,42.56265],[1.59094,42.56379],[1.59128,42.56403],[1.59149,42.56407],[1.5922,42.56402],[1.59309,42.56447],[1.59319,42.56456],[1.59327,42.56521],[1.59339,42.56547],[1.5945,42.56628],[1.59473,42.56635],[1.59498,42.56633],[1.59594,42.56613],[1.59708,42.56573],[1.5974,42.56573],[1.60022,42.56681],[1.60123,42.56729],[1.60264,42.56811],[1.6043,42.56869],[1.60457,42.56896],[1.60488,42.5701],[1.60499,42.57025],[1.60542,42.57056],[1.60773,42.57101],[1.60901,42.57154],[1.60928,42.57158],[1.61084,42.5715],[1.61135,42.57169],[1.61188,42.572],[1.61239,42.57208],[1.61346,42.57211],[1.61773,42.57336],[1.61801,42.57347],[1.61882,42.57407],[1.62073,42.57447],[1.62133,42.57473],[1.62161,42.57489],[1.62246,42.57572],[1.62327,42.57598],[1.6242,42.57617],[1.62493,42.57646],[1.62549,42.57685],[1.62596,42.57753],[1.62639,42.57778],[1.62691,42.57785],[1.62781,42.57773],[1.62839,42.57773],[1.62877,42.57783],[1.6304,42.5786],[1.63082,42.57862],[1.63296,42.57826],[1.63464,42.57825],[1.63581,42.57849],[1.6368,42.57883],[1.63773,42.57886],[1.63876,42.57878],[1.63907,42.57885],[1.63961,42.57912],[1.6406,42.57944],[1.64357,42.57957],[1.64716,42.58033],[1.64801,42.58013],[1.64918,42.5797],[1.64947,42.57953],[1.64977,42.57903],[1.65001,42.57881],[1.651,42.5786],[1.65208,42.57821],[1.65445,42.57767],[1.65487,42.57761],[1.65572,42.5777],[1.65623,42.57785],[1.65717,42.57831],[1.65764,42.57869],[1.66059,42.58065],[1.66206,42.58208],[1.66329,42.58372],[1.66374,42.58387],[1.66403,42.58385],[1.66431,42.58375],[1.66458,42.58344],[1.66439,42.58208],[1.66444,42.58151],[1.66369,42.57959],[1.66361,42.57901],[1.66323,42.57858],[1.66307,42.57828],[1.66303,42.57804],[1.6631,42.5777],[1.66337,42.57756],[1.66439,42.57747],[1.6672,42.57678],[1.66812,42.5767],[1.6693,42.57616],[1.67126,42.57558],[1.67233,42.57515],[1.67257,42.57501],[1.67302,42.57457],[1.6737,42.57432],[1.67417,42.57402],[1.67468,42.57331],[1.67535,42.57265],[1.67664,42.57173],[1.67689,42.57146],[1.67746,42.57062],[1.67815,42.56984],[1.67858,42.56816],[1.67854,42.56746],[1.67859,42.56725],[1.6787,42.56696],[1.67951,42.56564],[1.67959,42.56543],[1.67964,42.56458],[1.67984,42.56434],[1.68136,42.56281],[1.68295,42.56137],[1.68403,42.56079],[1.68884,42.55739],[1.6897,42.55637],[1.69154,42.55438],[1.69274,42.55328],[1.69455,42.55205],[1.69589,42.55136],[1.69634,42.55094],[1.69775,42.55004],[1.69881,42.54948],[1.69922,42.54914],[1.69987,42.54841],[1.70022,42.54759],[1.70149,42.54584],[1.70286,42.54458],[1.7034,42.54387],[1.70356,42.54334],[1.70341,42.54304],[1.70341,42.54291],[1.70353,42.54284],[1.70371,42.54284],[1.70384,42.54299],[1.70389,42.54364],[1.70367,42.54416],[1.70367,42.5443],[1.70387,42.54439],[1.704,42.54434],[1.70405,42.54425],[1.70411,42.54387],[1.70465,42.54269],[1.70472,42.54221],[1.70489,42.5421],[1.70504,42.54213],[1.7051,42.54222],[1.70495,42.54247],[1.70501,42.54358],[1.70494,42.544],[1.70404,42.54714],[1.70412,42.54778],[1.7044,42.54867],[1.70419,42.54918],[1.70359,42.54971],[1.70363,42.54987],[1.70382,42.54992],[1.70398,42.54985],[1.70445,42.5494],[1.70513,42.54892],[1.70533,42.54868],[1.70544,42.54852],[1.70547,42.54829],[1.70541,42.54761],[1.70557,42.54732],[1.7062,42.5465],[1.70707,42.54582],[1.70732,42.5455],[1.70792,42.54446],[1.70807,42.54393],[1.70829,42.54353],[1.70867,42.5431],[1.71006,42.54219],[1.71042,42.54205],[1.71135,42.54187],[1.71157,42.54168],[1.7117,42.54149],[1.71171,42.54124],[1.71166,42.54104],[1.71149,42.5408],[1.71151,42.54067],[1.71165,42.54059],[1.71179,42.54062],[1.71218,42.54141],[1.7126,42.54203],[1.71261,42.54218],[1.71254,42.54231],[1.71228,42.54247],[1.71148,42.54248],[1.71143,42.54257],[1.71149,42.54271],[1.71257,42.5427],[1.71321,42.54245],[1.7136,42.5422],[1.71385,42.54196],[1.71402,42.54162],[1.71398,42.54115],[1.71379,42.5407],[1.71367,42.5405],[1.71345,42.5403],[1.71345,42.54022],[1.71353,42.54016],[1.71365,42.54015],[1.71404,42.54045],[1.71592,42.54126],[1.7161,42.54142],[1.71624,42.54169],[1.71623,42.54187],[1.71609,42.54219],[1.71613,42.54233],[1.71636,42.5424],[1.71816,42.54155],[1.71845,42.54133],[1.71915,42.54035],[1.71956,42.54008],[1.72011,42.53996],[1.72121,42.54014],[1.72128,42.53999],[1.72121,42.53989],[1.72065,42.5397],[1.71936,42.53875],[1.71921,42.53858],[1.71913,42.53842],[1.71913,42.53808],[1.71924,42.53786],[1.7197,42.53758],[1.72037,42.53756],[1.72079,42.53767],[1.72114,42.53785],[1.72389,42.54008],[1.72467,42.54073],[1.72478,42.54091],[1.72482,42.54124],[1.72461,42.54161],[1.72469,42.54172],[1.72488,42.54174],[1.72498,42.54168],[1.72509,42.54116],[1.72538,42.54076],[1.72544,42.54055],[1.72536,42.54024],[1.72515,42.53998],[1.72436,42.53949],[1.72435,42.53937],[1.72456,42.53928],[1.72584,42.54004],[1.726,42.54024],[1.72631,42.54115],[1.72648,42.54136],[1.72691,42.5417],[1.72712,42.54199],[1.72764,42.54303],[1.72751,42.54342],[1.72762,42.54357],[1.72785,42.54351],[1.72792,42.54336],[1.72784,42.54233],[1.72766,42.54166],[1.7274,42.54106],[1.72736,42.54055],[1.7274,42.54036],[1.72775,42.53978],[1.72777,42.53944],[1.72702,42.53803],[1.72662,42.53764],[1.7266,42.53754],[1.72677,42.5374],[1.72698,42.53743],[1.72722,42.5377],[1.72777,42.53787],[1.72826,42.53816],[1.7292,42.53911],[1.72937,42.54014],[1.72973,42.5411],[1.72986,42.54191],[1.73045,42.54375],[1.73053,42.54431],[1.73052,42.54497],[1.73093,42.54678],[1.73104,42.54702],[1.7315,42.54739],[1.73211,42.54818],[1.73216,42.54833],[1.73209,42.54877],[1.73218,42.54886],[1.73244,42.54883],[1.73246,42.54851],[1.73193,42.54712],[1.73168,42.54675],[1.73165,42.54653],[1.7317,42.54617],[1.73218,42.54434],[1.73252,42.54394],[1.73286,42.54378],[1.73362,42.54369],[1.73465,42.54375],[1.73492,42.5437],[1.73548,42.5434],[1.73563,42.54343]],"crs":null},"properties":{"ref":"CG-2","name":"Carretera General 2","kind":"Carretera general"}},{"type":"Feature","geometry":{"type":"LineString","coordinates":[[1.55532,42.51808],[1.55403,42.51883]],"crs":null},"properties":{"ref":"CG-3A","name":"Carretera general 3A","kind":"Carretera general"}},{"type":"Feature","geometry":{"type":"LineString","coordinates":[[1.49202,42.46969],[1.49203,42.46941],[1.49163,42.46828],[1.49151,42.46777],[1.49151,42.4671],[1.49197,42.46695]],"crs":null},"properties":{"ref":"CG-1","name":"Carretera general 1","kind":"Carretera general"}},{"type":"Feature","geometry":{"type":"LineString","coordinates":[[1.52132,42.52246],[1.52154,42.52279],[1.52204,42.5229],[1.52247,42.52267]],"crs":null},"properties":{"ref":" ","name":" ","kind":"Boca tunel"}},{"type":"Feature","geometry":{"type":"LineString","coordinates":[[1.53302,42.51084],[1.53225,42.51169],[1.53132,42.51233],[1.53017,42.51282],[1.52837,42.51328],[1.52709,42.5137],[1.52655,42.51394],[1.52549,42.51468],[1.52506,42.51513],[1.52471,42.51563],[1.52444,42.51624],[1.52427,42.51692],[1.524,42.51876]],"crs":null},"properties":{"ref":"CG-3","name":"Túnel del Pont Pla","kind":"Carretera general Tunel"}},{"type":"Feature","geometry":{"type":"LineString","coordinates":[[1.69786,42.60164],[1.69705,42.60158],[1.69671,42.60141],[1.69584,42.60118],[1.6954,42.60118],[1.69475,42.60133],[1.6937,42.60125],[1.69123,42.60148],[1.69032,42.60149],[1.68987,42.60163],[1.68887,42.60152],[1.68848,42.60154],[1.6882,42.60162],[1.68758,42.60195],[1.68651,42.60218],[1.68615,42.60217],[1.68381,42.60133],[1.68364,42.60122],[1.68334,42.60069],[1.68306,42.60038],[1.68166,42.59937],[1.681,42.59917],[1.68009,42.59875],[1.67849,42.59837],[1.67688,42.59756],[1.676,42.59677],[1.67477,42.59622],[1.674,42.59541],[1.67375,42.59533],[1.6726,42.59438],[1.6718,42.59342],[1.67098,42.59284],[1.67053,42.5924],[1.66929,42.59174],[1.66903,42.59152],[1.66798,42.59025],[1.66754,42.58987],[1.66728,42.58973],[1.66679,42.5892],[1.66642,42.58853],[1.66563,42.58791],[1.6655,42.58774],[1.66522,42.58684],[1.66464,42.58575],[1.66329,42.58372]],"crs":null},"properties":{"ref":"CS-270","name":"Carretera de la Vall d'Incles","kind":"Carretera secundaria"}},{"type":"Feature","geometry":{"type":"LineString","coordinates":[[1.478,42.58048],[1.47825,42.58033],[1.47825,42.58007],[1.478,42.57991]],"crs":null},"properties":{"ref":" ","name":" ","kind":"Boca tunel"}},{"type":"Feature","geometry":{"type":"LineString","coordinates":[[1.48076,42.57976],[1.48045,42.57974],[1.48025,42.57958],[1.48026,42.57937]],"crs":null},"properties":{"ref":" ","name":" ","kind":"Boca tunel"}},{"type":"Feature","geometry":{"type":"LineString","coordinates":[[1.47634,42.57878],[1.47671,42.57881],[1.47691,42.57897],[1.4769,42.57925]],"crs":null},"properties":{"ref":" ","name":" ","kind":"Boca tunel"}},{"type":"Feature","geometry":{"type":"LineString","coordinates":[[1.47882,42.57844],[1.4786,42.57826],[1.47859,42.57804],[1.47885,42.57783]],"crs":null},"properties":{"ref":" ","name":" ","kind":"Boca tunel"}},{"type":"Feature","geometry":{"type":"LineString","coordinates":[[1.52053,42.52913],[1.52074,42.52908],[1.52098,42.52916],[1.52109,42.52931]],"crs":null},"properties":{"ref":" ","name":" ","kind":"Boca tunel"}},{"type":"Feature","geometry":{"type":"LineString","coordinates":[[1.50764,42.63242],[1.50716,42.63234],[1.50695,42.63186],[1.50729,42.63159]],"crs":null},"properties":{"ref":" ","name":" ","kind":"Boca tunel"}},{"type":"Feature","geometry":{"type":"LineString","coordinates":[[1.44989,42.45934],[1.44993,42.45936]],"crs":null},"properties":{"ref":"CS-142","name":"Carretera de la Collada de la Gallina","kind":"Carretera secundaria"}},{"type":"Feature","geometry":{"type":"LineString","coordinates":[[1.47682,42.5789],[1.47616,42.57956],[1.4761,42.57986],[1.47625,42.58007],[1.47637,42.58017],[1.47673,42.58026],[1.47825,42.5802]],"crs":null},"properties":{"ref":"CS-530","name":"Carretera de Prats Sobirans","kind":"Carretera secundaria"}},{"type":"Feature","geometry":{"type":"LineString","coordinates":[[1.4809,42.57926],[1.48036,42.57967]],"crs":null},"properties":{"ref":"CS-530","name":"Carretera de Prats Sobirans","kind":"Carretera secundaria"}},{"type":"Feature","geometry":{"type":"LineString","coordinates":[[1.4786,42.57816],[1.47881,42.57814]],"crs":null},"properties":{"ref":"CS-530","name":"Carretera de Prats Sobirans","kind":"Carretera secundaria"}},{"type":"Feature","geometry":{"type":"LineString","coordinates":[[1.5539,42.51698],[1.55358,42.51664],[1.55334,42.5158],[1.55275,42.51498],[1.55266,42.51458],[1.55264,42.5139],[1.55254,42.51365],[1.55231,42.51341]],"crs":null},"properties":{"ref":"CG-2","name":"Carretera General 2","kind":"Carretera general"}},{"type":"Feature","geometry":{"type":"LineString","coordinates":[[1.47304,42.45342],[1.47349,42.45356],[1.47389,42.45361],[1.47422,42.45378],[1.47492,42.45345],[1.47585,42.45317],[1.47618,42.45262],[1.47656,42.4522],[1.47662,42.45183],[1.47638,42.45125],[1.47609,42.45079],[1.47586,42.45053],[1.4753,42.4501],[1.47507,42.44977],[1.47443,42.44941],[1.47393,42.44928],[1.47332,42.44878],[1.47277,42.44848],[1.47221,42.44799],[1.47162,42.44729],[1.47077,42.44593],[1.47078,42.44579],[1.47158,42.44415],[1.47152,42.444],[1.47115,42.44366]],"crs":null},"properties":{"ref":"CS-141","name":"Carretera de la Moixella","kind":"Carretera secundaria"}},{"type":"Feature","geometry":{"type":"LineString","coordinates":[[1.53416,42.50653],[1.53419,42.50757],[1.53408,42.50849]],"crs":null},"properties":{"ref":"CG-3","name":"Carretera general 3","kind":"Carretera general"}},{"type":"Feature","geometry":{"type":"LineString","coordinates":[[1.49077,42.47465],[1.4904,42.47392]],"crs":null},"properties":{"ref":"CG-1","name":"Carretera general","kind":"Carretera general"}},{"type":"Feature","geometry":{"type":"LineString","coordinates":[[1.49077,42.47465],[1.49093,42.47434],[1.4912,42.47409],[1.49153,42.47391],[1.49295,42.47343],[1.49329,42.47315],[1.49343,42.47287],[1.49341,42.47188],[1.49307,42.47026],[1.49272,42.46963],[1.49256,42.4681],[1.49197,42.46695]],"crs":null},"properties":{"ref":" ","name":" ","kind":"Xarxa basica"}},{"type":"Feature","geometry":{"type":"LineString","coordinates":[[1.52638,42.5514],[1.52662,42.55139],[1.52674,42.55133],[1.52672,42.5511],[1.52596,42.55005],[1.52545,42.5491],[1.52525,42.54841],[1.52509,42.54811],[1.52477,42.54781],[1.52465,42.54733],[1.52471,42.54637],[1.52354,42.54413],[1.52328,42.54346],[1.523,42.54303],[1.52291,42.5428],[1.52282,42.54192],[1.52285,42.54174],[1.52309,42.54128],[1.52369,42.54074],[1.52417,42.53997],[1.5248,42.53929],[1.52559,42.53862],[1.526,42.53814],[1.52637,42.53807],[1.52696,42.53821],[1.52779,42.53821],[1.52851,42.53809],[1.52999,42.53831],[1.53024,42.53825],[1.53027,42.53807],[1.52958,42.5375],[1.52917,42.53699],[1.52878,42.53682],[1.52846,42.53653]],"crs":null},"properties":{"ref":"CS-335","name":"Carretera de l'Aldosa de la Massana","kind":"Carretera secundaria"}},{"type":"Feature","geometry":{"type":"LineString","coordinates":[[1.57149,42.52937],[1.57196,42.52984],[1.57292,42.53123],[1.57381,42.53208],[1.57422,42.53227],[1.57555,42.53263],[1.57619,42.53276],[1.57841,42.53304],[1.57978,42.53341],[1.58005,42.53358],[1.5807,42.53421],[1.58189,42.53585],[1.58406,42.5373],[1.5844,42.53723],[1.58457,42.53705],[1.58577,42.53474],[1.58495,42.5339],[1.58493,42.53365],[1.58509,42.53342]],"crs":null},"properties":{"ref":" ","name":" ","kind":"Xarxa basica"}},{"type":"Feature","geometry":{"type":"LineString","coordinates":[[1.50439,42.63237],[1.50474,42.63212],[1.50481,42.63161],[1.50441,42.63133]],"crs":null},"properties":{"ref":" ","name":" ","kind":"Boca tunel"}},{"type":"Feature","geometry":{"type":"LineString","coordinates":[[1.55403,42.51883],[1.55239,42.51974],[1.55079,42.52049],[1.5494,42.52104],[1.54765,42.52164],[1.54576,42.52213],[1.54341,42.52257],[1.5347,42.52369],[1.53252,42.52415],[1.53106,42.52454],[1.52863,42.52539],[1.52635,42.52642],[1.5244,42.52752],[1.5223,42.52894]],"crs":null},"properties":{"ref":"CG-3A","name":"Túnel de les dos Valires","kind":"Carretera general Tunel"}},{"type":"Feature","geometry":{"type":"LineString","coordinates":[[1.51996,42.52716],[1.52008,42.52726],[1.5204,42.52729],[1.52053,42.5272]],"crs":null},"properties":{"ref":" ","name":" ","kind":"Boca tunel"}},{"type":"Feature","geometry":{"type":"LineString","coordinates":[[1.54086,42.50871],[1.54076,42.50919],[1.54077,42.50976],[1.54089,42.51016],[1.54119,42.51064],[1.53994,42.51108],[1.53844,42.51145],[1.538,42.51162],[1.53683,42.51209],[1.53628,42.51253],[1.536,42.51265],[1.5355,42.51278],[1.53511,42.51278]],"crs":null},"properties":{"ref":" ","name":" ","kind":"Xarxa basica"}},{"type":"Feature","geometry":{"type":"LineString","coordinates":[[1.59655,42.56598],[1.59662,42.56612],[1.5965,42.56624],[1.59549,42.56674],[1.59464,42.56669],[1.59438,42.56659],[1.59243,42.56539],[1.59198,42.56502],[1.59168,42.56489],[1.59154,42.56492],[1.5916,42.56504],[1.592,42.56529],[1.5934,42.56652],[1.59468,42.56744],[1.59619,42.5678],[1.59647,42.56792],[1.5968,42.56837],[1.59696,42.56891],[1.59746,42.56949],[1.59773,42.56969],[1.59804,42.56973],[1.59832,42.56963],[1.59864,42.56901],[1.59875,42.5689],[1.59977,42.56893],[1.60006,42.56874],[1.60025,42.5684],[1.60047,42.56839],[1.6005,42.56856],[1.60032,42.56881],[1.59939,42.56953],[1.59933,42.57011],[1.59922,42.57027],[1.59874,42.57038],[1.59791,42.57042],[1.59745,42.57061],[1.59737,42.57072],[1.59751,42.57081],[1.59828,42.57071],[1.59945,42.57074],[1.60039,42.57047],[1.60055,42.57054],[1.60056,42.57072],[1.60029,42.57086],[1.59918,42.57107],[1.59678,42.57131],[1.59662,42.57125],[1.59653,42.571],[1.59641,42.57089],[1.59589,42.57063],[1.59565,42.57059],[1.59499,42.57078],[1.59433,42.57081],[1.594,42.57095],[1.59399,42.57108],[1.59413,42.57113],[1.59463,42.57097],[1.59558,42.57092],[1.59601,42.57119],[1.59623,42.57164],[1.59651,42.5718],[1.60045,42.57218],[1.6014,42.57246],[1.60229,42.57236],[1.60243,42.57244],[1.60239,42.57264],[1.60194,42.57272],[1.60018,42.57249],[1.59793,42.57246],[1.59718,42.57249],[1.5957,42.57269],[1.59541,42.57258],[1.59505,42.57215],[1.59471,42.57206],[1.59388,42.57228],[1.59307,42.57235],[1.59266,42.57259],[1.59211,42.57278],[1.59133,42.57285],[1.59118,42.57272],[1.59118,42.57228],[1.59104,42.57197],[1.59009,42.57132],[1.58951,42.57039],[1.58959,42.57021],[1.58984,42.56996],[1.59056,42.56955],[1.59116,42.56909],[1.5913,42.5689],[1.59115,42.56881],[1.59098,42.56887],[1.59069,42.56918],[1.58926,42.56992],[1.58885,42.57024],[1.58851,42.5707],[1.58851,42.57131],[1.58708,42.57281],[1.58679,42.57321],[1.58663,42.57363],[1.58648,42.57367],[1.58638,42.57347],[1.58653,42.57268],[1.58646,42.5721],[1.58694,42.57081],[1.58742,42.57004],[1.58777,42.56961],[1.58778,42.56944],[1.58771,42.5693],[1.58735,42.56906],[1.58652,42.5688],[1.58619,42.56863],[1.5853,42.56792],[1.58488,42.56734],[1.58441,42.56708],[1.58177,42.5666],[1.5782,42.5665],[1.57758,42.56636],[1.57703,42.56604],[1.57665,42.56566],[1.57612,42.56493],[1.57598,42.56441],[1.57586,42.56425],[1.57534,42.56402],[1.57456,42.56388],[1.57434,42.56379],[1.57422,42.56357],[1.57424,42.56334],[1.57488,42.56187],[1.57488,42.56145],[1.57473,42.56098],[1.57476,42.56074],[1.5753,42.55965],[1.57566,42.55854],[1.57582,42.55822],[1.57581,42.55777],[1.57571,42.55752],[1.57557,42.5574],[1.5746,42.55689],[1.57304,42.55595],[1.57271,42.55593],[1.57221,42.55612]],"crs":null},"properties":{"ref":"CS-240","name":"Carretera de Montaup","kind":"Carretera secundaria"}},{"type":"Feature","geometry":{"type":"LineString","coordinates":[[1.69967,42.54668],[1.69855,42.54744],[1.69759,42.5484],[1.69602,42.55036],[1.69548,42.5512],[1.69542,42.5516]],"crs":null},"properties":{"ref":"CG-2A","name":"Carretera general 2A","kind":"Carretera general"}},{"type":"Feature","geometry":{"type":"LineString","coordinates":[[1.49669,42.56147],[1.49642,42.5617],[1.49563,42.56218],[1.49514,42.56283],[1.49438,42.56345],[1.49253,42.56393],[1.49189,42.56482],[1.49042,42.56626],[1.48988,42.56698],[1.48893,42.56793],[1.48866,42.56869],[1.48854,42.56887],[1.48719,42.57035],[1.48653,42.57076],[1.48598,42.5713],[1.48574,42.57146],[1.48414,42.57194],[1.48389,42.5721],[1.48375,42.573],[1.48365,42.57317],[1.48324,42.57342],[1.48164,42.57479],[1.48136,42.57535],[1.48146,42.57582],[1.48142,42.57596],[1.48066,42.57731],[1.4792,42.57822],[1.47904,42.5783],[1.47885,42.57827]],"crs":null},"properties":{"ref":"CG-5","name":"Carretera General 5","kind":"Carretera general"}},{"type":"Feature","geometry":{"type":"LineString","coordinates":[[1.41955,42.54638],[1.41918,42.54647]],"crs":null},"properties":{"ref":"CG-4","name":"Carretera General 4","kind":"Carretera general"}},{"type":"Feature","geometry":{"type":"LineString","coordinates":[[1.73272,42.54658],[1.73144,42.54603],[1.73003,42.54568],[1.72621,42.54519],[1.72195,42.54476]],"crs":null},"properties":{"ref":"CG-2A","name":"Túnel d'Envalira","kind":"Carretera general Tunel"}},{"type":"Feature","geometry":{"type":"LineString","coordinates":[[1.53372,42.50998],[1.53322,42.5105]],"crs":null},"properties":{"ref":"CG-3","name":"Carretera general 3","kind":"Carretera general"}},{"type":"Feature","geometry":{"type":"LineString","coordinates":[[1.48632,42.57096],[1.48655,42.57101],[1.48709,42.57072],[1.48841,42.5704],[1.48953,42.56954],[1.49072,42.56951],[1.49085,42.5689],[1.49144,42.56802],[1.49154,42.56798],[1.49163,42.56816],[1.49137,42.56928],[1.49149,42.56949],[1.49191,42.5699],[1.492,42.57017],[1.49188,42.57023],[1.49086,42.57036],[1.49065,42.5704],[1.49059,42.57047],[1.49142,42.57051],[1.49212,42.57068]],"crs":null},"properties":{"ref":"CS-510","name":"Carretera del Mas de Ribafeta","kind":"Carretera secundaria"}},{"type":"Feature","geometry":{"type":"LineString","coordinates":[[1.51541,42.54808],[1.5154,42.54784],[1.51533,42.54782],[1.51507,42.54812],[1.51479,42.54816],[1.515,42.54797],[1.51505,42.5478],[1.515,42.54773],[1.51478,42.54794],[1.514,42.54794],[1.51353,42.54815],[1.51329,42.54811]],"crs":null},"properties":{"ref":"CS-400","name":"Carretera del pui","kind":"Carretera secundaria"}},{"type":"Feature","geometry":{"type":"LineString","coordinates":[[1.72195,42.54476],[1.71827,42.54448],[1.7135,42.54425],[1.71141,42.54422],[1.70889,42.54435],[1.70636,42.54468],[1.70398,42.54518],[1.70109,42.54607],[1.69967,42.54668]],"crs":null},"properties":{"ref":"CG-2A","name":"Túnel d'Envalira","kind":"Carretera general Tunel"}},{"type":"Feature","geometry":{"type":"LineString","coordinates":[[1.52181,42.50631],[1.5217,42.50626]],"crs":null},"properties":{"ref":" ","name":" ","kind":"Xarxa basica"}},{"type":"Feature","geometry":{"type":"LineString","coordinates":[[1.49235,42.46663],[1.49297,42.46616],[1.49411,42.46601],[1.4947,42.46568],[1.49475,42.46551],[1.49468,42.46534],[1.49394,42.46479],[1.49403,42.46469],[1.49458,42.46442],[1.49464,42.46426],[1.49452,42.46413],[1.49401,42.46413],[1.49364,42.46384],[1.49356,42.4637],[1.49345,42.46302],[1.49305,42.4622],[1.49207,42.46092],[1.49142,42.46051],[1.49155,42.46021],[1.49155,42.46006],[1.49108,42.45954],[1.49074,42.45888],[1.49072,42.45851],[1.49047,42.45737],[1.49054,42.45725],[1.49076,42.45713],[1.49131,42.45712],[1.49243,42.4573],[1.49327,42.45763],[1.4937,42.45772],[1.4939,42.45758],[1.49383,42.45739],[1.49294,42.45675],[1.49237,42.45658],[1.49229,42.45646],[1.49242,42.4564],[1.49262,42.45643],[1.49397,42.457],[1.49411,42.45699],[1.49418,42.4569],[1.49409,42.45681],[1.4937,42.45667],[1.49259,42.45591],[1.49198,42.45575],[1.49186,42.45541],[1.49145,42.45521],[1.49127,42.45501],[1.49085,42.45368],[1.49088,42.45347],[1.49129,42.45316],[1.49153,42.45282],[1.49254,42.45218],[1.49282,42.4518],[1.4934,42.45168],[1.49344,42.45158],[1.49338,42.45135],[1.49316,42.45118],[1.49226,42.45093],[1.49194,42.45073],[1.4914,42.44974],[1.49133,42.44925],[1.49081,42.44889],[1.49087,42.44807],[1.49071,42.44798],[1.48982,42.44779],[1.48956,42.44758],[1.48959,42.44602],[1.4887,42.44571],[1.48848,42.44555],[1.48832,42.44531],[1.48844,42.44492],[1.48881,42.44442],[1.48904,42.44349],[1.48968,42.44318],[1.48977,42.44308],[1.48977,42.44181],[1.48944,42.44149],[1.48943,42.44122],[1.48954,42.441],[1.49008,42.44042],[1.4905,42.43963],[1.49074,42.4393],[1.4907,42.43912],[1.49009,42.43818],[1.49011,42.438],[1.49022,42.43795],[1.49037,42.43798],[1.4908,42.43837],[1.4922,42.43894],[1.49261,42.43951],[1.49255,42.44051],[1.49245,42.4408],[1.49219,42.4412],[1.49199,42.44191],[1.49199,42.44282],[1.49208,42.44377],[1.49222,42.44416],[1.49237,42.44436],[1.49261,42.44453],[1.49295,42.44462],[1.49395,42.44462],[1.49449,42.44474],[1.49487,42.44499],[1.49574,42.44596],[1.49618,42.4463],[1.49683,42.44649],[1.49771,42.44643],[1.49799,42.44647],[1.49893,42.44702],[1.49926,42.44713],[1.49967,42.44712],[1.50154,42.44667],[1.50218,42.44668],[1.50319,42.44644],[1.504,42.44637],[1.50496,42.44598],[1.50572,42.44589],[1.50645,42.44602],[1.50796,42.44669],[1.50825,42.44699],[1.50846,42.44765],[1.50857,42.44776],[1.50887,42.44771],[1.50901,42.44741],[1.50898,42.44711],[1.50886,42.44688],[1.50744,42.44513],[1.50701,42.44476],[1.50666,42.44466],[1.50578,42.44455],[1.50515,42.44437],[1.50391,42.44435],[1.50319,42.44422],[1.5025,42.444],[1.50119,42.44339],[1.50036,42.44312],[1.49998,42.4427],[1.49972,42.44212],[1.49961,42.44124],[1.49947,42.44083],[1.49951,42.44074],[1.49964,42.4407],[1.49992,42.44075],[1.50077,42.44127],[1.50142,42.44149],[1.50382,42.44191],[1.50522,42.44186],[1.50786,42.44213],[1.50982,42.44287],[1.51071,42.44366],[1.51219,42.44463],[1.51249,42.44506],[1.51278,42.44586],[1.51379,42.44675],[1.51449,42.44786],[1.51547,42.44839],[1.51659,42.44871],[1.51703,42.44873],[1.51739,42.44866],[1.51765,42.4485],[1.51769,42.44831],[1.5176,42.44822],[1.51699,42.44793],[1.51656,42.44731],[1.51637,42.44593],[1.51577,42.44485],[1.51491,42.44415],[1.51388,42.4437],[1.51356,42.44322],[1.51352,42.44304],[1.51357,42.44295],[1.51372,42.44293],[1.51415,42.4431],[1.51512,42.44333],[1.51627,42.44385],[1.51792,42.44489],[1.51822,42.44518],[1.51901,42.44631],[1.51926,42.44647],[1.51958,42.44654],[1.52041,42.44653],[1.52142,42.44666],[1.52154,42.44659],[1.52091,42.44587],[1.5205,42.44502],[1.51948,42.44422],[1.51914,42.4438],[1.51912,42.44373],[1.51919,42.44369],[1.52017,42.44408],[1.52131,42.4443],[1.52219,42.44471],[1.52263,42.44503],[1.52293,42.44584],[1.52323,42.44598],[1.52348,42.44591],[1.52384,42.44551],[1.52405,42.44537],[1.52502,42.44506],[1.5258,42.44508],[1.52701,42.44556],[1.5277,42.44565],[1.52873,42.44542],[1.52962,42.44502],[1.53014,42.44471],[1.53105,42.44465],[1.53148,42.44452],[1.53149,42.44441],[1.53136,42.44436],[1.53012,42.44443],[1.52938,42.44469],[1.52874,42.44469],[1.52779,42.44441],[1.52681,42.44374],[1.52637,42.44352],[1.52455,42.4431],[1.52342,42.44264],[1.52247,42.44214],[1.52242,42.44202],[1.52255,42.44199],[1.52309,42.44217],[1.52445,42.4424],[1.52524,42.44246],[1.52638,42.44242],[1.52922,42.44289],[1.52974,42.44283],[1.531,42.44243],[1.53129,42.44244],[1.532,42.44269],[1.53226,42.44266],[1.53237,42.44256],[1.53195,42.44247],[1.53152,42.4422],[1.53101,42.44204],[1.53068,42.44203],[1.52994,42.4422],[1.52922,42.44203],[1.52864,42.44176],[1.52767,42.44112],[1.52542,42.44035],[1.52419,42.43962],[1.5234,42.43922],[1.52205,42.43879],[1.52111,42.43836],[1.51986,42.43729],[1.51981,42.43716],[1.52047,42.43733],[1.52125,42.4374],[1.52319,42.43738],[1.52339,42.43731],[1.52275,42.43677],[1.52178,42.43632],[1.52126,42.4362],[1.51955,42.436],[1.51931,42.43592],[1.51958,42.4358],[1.5211,42.43562],[1.52126,42.43552],[1.52125,42.43545],[1.52113,42.43542]],"crs":null},"properties":{"ref":"CS-130","name":"Carretera de la Rabassa","kind":"Carretera secundaria"}},{"type":"Feature","geometry":{"type":"LineString","coordinates":[[1.53476,42.62268],[1.53491,42.6227],[1.53675,42.62193],[1.53852,42.62139],[1.53877,42.62137],[1.54022,42.62187],[1.5416,42.62269],[1.54261,42.62301],[1.54391,42.6236],[1.54424,42.62377],[1.54489,42.62433],[1.54587,42.6249],[1.54632,42.62524],[1.547,42.62556],[1.54788,42.62571],[1.54966,42.62585],[1.55156,42.62628],[1.55192,42.62616],[1.55198,42.62593],[1.55175,42.62476],[1.5518,42.62386],[1.55161,42.62305],[1.5517,42.62289],[1.55236,42.62222],[1.55252,42.62218],[1.55258,42.62229],[1.55199,42.62293],[1.55196,42.62305],[1.55212,42.62321],[1.55223,42.62312],[1.55249,42.6227],[1.553,42.62225],[1.55391,42.62194],[1.5546,42.62147],[1.55488,42.62141],[1.55499,42.6215],[1.55413,42.62222],[1.55339,42.62243],[1.55311,42.62266],[1.55307,42.62275],[1.55314,42.62292],[1.5534,42.62298],[1.55388,42.62266],[1.55462,42.62252],[1.55493,42.62227],[1.55608,42.62165],[1.55765,42.62152],[1.55838,42.62135]],"crs":null},"properties":{"ref":"CS-370","name":"Carretera de Sorteny","kind":"Carretera secundaria"}},{"type":"Feature","geometry":{"type":"LineString","coordinates":[[1.53876,42.50951],[1.54076,42.50962]],"crs":null},"properties":{"ref":" ","name":" ","kind":"Xarxa basica"}},{"type":"Feature","geometry":{"type":"LineString","coordinates":[[1.5909,42.55083],[1.59113,42.55123],[1.5909,42.55153],[1.59052,42.55222],[1.58978,42.55303],[1.58916,42.55346],[1.58929,42.55358],[1.5895,42.55355],[1.58996,42.55334],[1.59046,42.55286],[1.59093,42.55288],[1.59096,42.55303],[1.59064,42.55332],[1.59042,42.55377],[1.59039,42.55397],[1.59046,42.55423]],"crs":null},"properties":{"ref":"CS-230","name":"Carretera de Meritxell","kind":"Carretera secundaria"}},{"type":"Feature","geometry":{"type":"LineString","coordinates":[[1.6347,42.57831],[1.63342,42.57839],[1.63251,42.57856],[1.63212,42.5787],[1.63142,42.57909],[1.63113,42.57917],[1.63044,42.57919],[1.62978,42.57903]],"crs":null},"properties":{"ref":"CS-255","name":"Carretera de l'Aldosa de Canillo","kind":"Carretera secundaria"}},{"type":"Feature","geometry":{"type":"LineString","coordinates":[[1.63804,42.58136],[1.6373,42.58239],[1.63714,42.58255],[1.63697,42.58253],[1.63678,42.58244],[1.63665,42.58224],[1.6366,42.58182],[1.63665,42.58117],[1.63652,42.58078],[1.63639,42.58071],[1.63548,42.5806],[1.63488,42.58015],[1.63459,42.58003],[1.63437,42.57983],[1.63415,42.57981],[1.63362,42.5799],[1.63294,42.58029],[1.63221,42.5804],[1.63179,42.58062],[1.63168,42.58075],[1.63173,42.58084],[1.63219,42.58066],[1.63245,42.58062],[1.63281,42.58078],[1.63297,42.58095],[1.63277,42.58125],[1.63214,42.58142],[1.63201,42.58151]],"crs":null},"properties":{"ref":"CS-261","name":"Carretera dels Plans de Ransol","kind":"Carretera secundaria"}},{"type":"Feature","geometry":{"type":"LineString","coordinates":[[1.64963,42.57931],[1.64948,42.57982],[1.64923,42.58019],[1.64903,42.58031],[1.64877,42.58038],[1.64852,42.58059],[1.64831,42.58062]],"crs":null},"properties":{"ref":"CS-265","name":"Carretera del Tarter","kind":"Carretera secundaria"}},{"type":"Feature","geometry":{"type":"LineString","coordinates":[[1.65392,42.57777],[1.65387,42.57792],[1.65349,42.57808],[1.65303,42.57846],[1.65294,42.57877],[1.65299,42.57929]],"crs":null},"properties":{"ref":"CS-266","name":"Carretera de Sant Pere","kind":"Carretera secundaria"}},{"type":"Feature","geometry":{"type":"LineString","coordinates":[[1.70032,42.54745],[1.70045,42.54705],[1.7007,42.54663],[1.70095,42.54568],[1.70118,42.54508],[1.70113,42.54481],[1.70073,42.54437],[1.70068,42.54398],[1.70089,42.54319],[1.70153,42.54168],[1.70152,42.5415],[1.70114,42.54063],[1.70109,42.54011],[1.70127,42.53938],[1.70117,42.53892],[1.70117,42.53765],[1.70125,42.5373],[1.70167,42.53639],[1.70171,42.53538]],"crs":null},"properties":{"ref":"CS-280","name":"Carretera del Grau Roig","kind":"Carretera secundaria"}},{"type":"Feature","geometry":{"type":"LineString","coordinates":[[1.52009,42.52695],[1.51994,42.52718],[1.51988,42.52768],[1.51998,42.52797],[1.52055,42.52883],[1.52057,42.52924]],"crs":null},"properties":{"ref":"CG-3","name":"Túnels de Sant Antoni","kind":"Carretera general Tunel"}},{"type":"Feature","geometry":{"type":"LineString","coordinates":[[1.52023,42.52727],[1.52023,42.52739],[1.52078,42.5285],[1.52084,42.52911]],"crs":null},"properties":{"ref":"CG-3","name":"Túnels de Sant Antoni","kind":"Carretera general Tunel"}},{"type":"Feature","geometry":{"type":"LineString","coordinates":[[1.5223,42.52894],[1.52071,42.52984],[1.51987,42.53079]],"crs":null},"properties":{"ref":"CG-3A","name":"Carretera general 3A","kind":"Carretera general"}},{"type":"Feature","geometry":{"type":"LineString","coordinates":[[1.63746,42.59266],[1.63802,42.59195],[1.63805,42.59169],[1.63792,42.59132],[1.63835,42.59045],[1.63914,42.58991],[1.63925,42.58956],[1.63959,42.58914],[1.64011,42.5879],[1.64014,42.58772],[1.63993,42.58662],[1.63958,42.58521],[1.63951,42.58438],[1.63967,42.58405],[1.64029,42.58326],[1.64049,42.58316],[1.64181,42.58298],[1.64357,42.58294],[1.64432,42.583],[1.64504,42.58314],[1.64569,42.58342],[1.64661,42.58355],[1.64734,42.58383],[1.64829,42.58386],[1.64869,42.58406],[1.64906,42.58434],[1.64943,42.58428],[1.65003,42.58433],[1.65048,42.58412],[1.65164,42.58407],[1.65269,42.5838]],"crs":null},"properties":{"ref":"CS-262","name":"Carretera d'Entor","kind":"Carretera secundaria"}},{"type":"Feature","geometry":{"type":"LineString","coordinates":[[1.5218,42.52284],[1.52161,42.52325],[1.52105,42.52398]],"crs":null},"properties":{"ref":"CG-3","name":"Carretera General 3","kind":"Carretera general Tunel"}},{"type":"Feature","geometry":{"type":"LineString","coordinates":[[1.63781,42.61224],[1.63799,42.60952],[1.63791,42.60798],[1.63854,42.60707],[1.63861,42.60685],[1.63842,42.60532],[1.63879,42.60465],[1.63884,42.60445],[1.63877,42.60417],[1.63834,42.60339],[1.63812,42.60282],[1.63804,42.60221],[1.63787,42.60181],[1.63755,42.60134],[1.63757,42.60086],[1.63767,42.60055],[1.63766,42.60013],[1.63744,42.59901],[1.63752,42.59868],[1.6381,42.598],[1.63812,42.59763],[1.63754,42.59654],[1.63698,42.59507],[1.637,42.59463],[1.63712,42.59421],[1.63771,42.59329],[1.63766,42.59298],[1.63722,42.59233],[1.63724,42.59211],[1.63754,42.59172],[1.63746,42.59152],[1.63722,42.5913],[1.63721,42.59104],[1.63757,42.59044],[1.63777,42.58985],[1.63812,42.58933],[1.63834,42.5888],[1.63846,42.58803],[1.63838,42.5878],[1.63752,42.58711],[1.63765,42.58701],[1.63796,42.58727],[1.63852,42.58758],[1.63873,42.58787],[1.63887,42.58796],[1.639,42.5879],[1.63871,42.58712],[1.63802,42.58626],[1.63771,42.5856],[1.63748,42.58492],[1.63735,42.58444],[1.63735,42.58412],[1.63759,42.58357],[1.63756,42.58305],[1.63772,42.58241],[1.63801,42.58172],[1.63804,42.58136],[1.63817,42.5812],[1.64122,42.58046],[1.64298,42.5802],[1.64363,42.58002],[1.64482,42.57996],[1.64549,42.58008],[1.6457,42.58001]],"crs":null},"properties":{"ref":"CS-260","name":"Carretera de Ransol","kind":"Carretera secundaria"}},{"type":"Feature","geometry":{"type":"LineString","coordinates":[[1.51535,42.55408],[1.51637,42.55342],[1.51796,42.55298],[1.51818,42.55271],[1.51814,42.55256],[1.51792,42.55233],[1.51795,42.55226],[1.51963,42.55217],[1.52075,42.55225],[1.52085,42.55217],[1.52091,42.55191],[1.52082,42.55184],[1.51895,42.55133],[1.51879,42.55134],[1.5184,42.55157],[1.51609,42.55152],[1.51588,42.55148],[1.51564,42.55125],[1.51465,42.55119],[1.51382,42.55096],[1.51308,42.55091],[1.51234,42.55114],[1.51096,42.5519],[1.51095,42.55176],[1.51147,42.55109],[1.51214,42.55071],[1.51161,42.54998]],"crs":null},"properties":{"ref":"CS-430","name":"Carretera del Collet dels Colls","kind":"Carretera secundaria"}},{"type":"Feature","geometry":{"type":"MultiLineString","coordinates":[[[1.52048,42.52641],[1.52023,42.52727]],[[1.52048,42.52641],[1.52009,42.52695]],[[1.52105,42.52398],[1.52083,42.52429],[1.52062,42.52485],[1.52058,42.52614],[1.52048,42.52641]]],"crs":null},"properties":{"ref":"CG-3","name":"Carretera General 3","kind":"Carretera general"}},{"type":"Feature","geometry":{"type":"MultiLineString","coordinates":[[[1.48075,42.45654],[1.47933,42.45655],[1.47748,42.45689],[1.47677,42.45719],[1.47575,42.45735],[1.47454,42.45779],[1.47428,42.45777],[1.47407,42.45735],[1.47348,42.45721],[1.47321,42.45707],[1.47277,42.45679],[1.47225,42.45633],[1.47168,42.45608],[1.47102,42.45559],[1.47106,42.45552],[1.47123,42.45548],[1.47211,42.45545],[1.47258,42.45528],[1.47306,42.45533],[1.47353,42.45558],[1.47366,42.45558],[1.47376,42.4555],[1.47371,42.45541],[1.47297,42.45508],[1.47243,42.45496],[1.47191,42.4551],[1.47181,42.45506],[1.47179,42.45498],[1.47246,42.45478],[1.4731,42.45471],[1.4736,42.45472],[1.47405,42.45486],[1.47414,42.45479],[1.47413,42.45465],[1.47339,42.45436],[1.47233,42.45415],[1.47059,42.45443],[1.47039,42.45436],[1.47046,42.45425],[1.47069,42.45425],[1.47104,42.45415],[1.47204,42.45357],[1.47282,42.45344],[1.47354,42.45347],[1.47366,42.45341],[1.47365,42.45329],[1.47358,42.45322],[1.47273,42.45304],[1.47154,42.45302],[1.4701,42.45325],[1.46916,42.45331],[1.46893,42.45327],[1.46857,42.45306],[1.46789,42.45304],[1.46738,42.45285],[1.46626,42.45314],[1.46534,42.45295],[1.46472,42.45296],[1.46392,42.45269],[1.46339,42.45239],[1.46293,42.45232],[1.46279,42.45237],[1.46271,42.45271],[1.46259,42.45286],[1.46176,42.4532],[1.4618,42.45331],[1.46363,42.45418]],[[1.48075,42.45654],[1.48075,42.45654]],[[1.48961,42.46126],[1.48938,42.46124],[1.48816,42.46072],[1.48793,42.46068],[1.4884,42.46156],[1.4883,42.46243],[1.48851,42.46295],[1.48847,42.46305],[1.48831,42.46298],[1.48787,42.46248],[1.48696,42.46121],[1.48679,42.46126],[1.48677,42.46144],[1.48708,42.46234],[1.48695,42.46238],[1.48649,42.46217],[1.48616,42.46217],[1.48596,42.46186],[1.48599,42.46128],[1.48639,42.46038],[1.4864,42.46022],[1.4863,42.46019],[1.48619,42.46025],[1.48597,42.46063],[1.48551,42.46111],[1.48544,42.46104],[1.48563,42.46074],[1.48565,42.46057],[1.48555,42.46042],[1.48533,42.46029],[1.48387,42.46006],[1.48295,42.46005],[1.48284,42.45986],[1.48269,42.45924],[1.4827,42.45857],[1.4828,42.45823],[1.48272,42.45815],[1.48263,42.45818],[1.48244,42.45854],[1.48212,42.45935],[1.48205,42.45973],[1.4822,42.46034],[1.48209,42.46055],[1.48193,42.46058],[1.48189,42.46049],[1.48201,42.46034],[1.48202,42.46023],[1.48166,42.45971],[1.48142,42.45873],[1.48113,42.45843],[1.48074,42.45831],[1.48044,42.45767],[1.48038,42.45694],[1.48054,42.45677],[1.48095,42.45664],[1.48091,42.45656],[1.48075,42.45654]]],"crs":null},"properties":{"ref":"CS-140","name":"Carretera de Fontaneda","kind":"Carretera secundaria"}},{"type":"Feature","geometry":{"type":"LineString","coordinates":[[1.51981,42.52673],[1.5199,42.52688],[1.52023,42.527],[1.52048,42.52695]],"crs":null},"properties":{"ref":" ","name":" ","kind":"Boca tunel"}},{"type":"Feature","geometry":{"type":"LineString","coordinates":[[1.524,42.51876],[1.5239,42.51944]],"crs":null},"properties":{"ref":"CG-3","name":"Carretera general 3","kind":"Carretera general"}},{"type":"Feature","geometry":{"type":"LineString","coordinates":[[1.55391,42.51855],[1.5539,42.51871],[1.55413,42.51892],[1.55438,42.51896]],"crs":null},"properties":{"ref":" ","name":" ","kind":"Boca tunel"}},{"type":"Feature","geometry":{"type":"LineString","coordinates":[[1.60015,42.56678],[1.5998,42.56606],[1.59997,42.56535],[1.59998,42.56512],[1.59987,42.56498],[1.59945,42.56469],[1.59811,42.56432],[1.59669,42.56458],[1.59466,42.56393],[1.59406,42.56349],[1.5936,42.5629],[1.59328,42.56219],[1.59332,42.56206],[1.5936,42.56181],[1.59374,42.5615],[1.59367,42.56075],[1.59384,42.56021],[1.59366,42.55953]],"crs":null},"properties":{"ref":"CS-250","name":"Carretera de prats","kind":"Carretera secundaria"}},{"type":"Feature","geometry":{"type":"LineString","coordinates":[[1.51907,42.58224],[1.51853,42.58233],[1.51837,42.58227],[1.51829,42.58185],[1.51824,42.58177],[1.51809,42.58174],[1.51799,42.58182],[1.51775,42.58243],[1.51757,42.58245],[1.5176,42.58168],[1.51741,42.58161],[1.51728,42.58175],[1.51719,42.58217],[1.51716,42.58269]],"crs":null},"properties":{"ref":"CS-360","name":"Carretera d'Arans","kind":"Carretera secundaria"}},{"type":"Feature","geometry":{"type":"LineString","coordinates":[[1.48989,42.4743],[1.49009,42.47396],[1.49071,42.47389],[1.49102,42.47416]],"crs":null},"properties":{"ref":" ","name":" ","kind":"Boca tunel"}},{"type":"Feature","geometry":{"type":"LineString","coordinates":[[1.50705,42.6321],[1.50737,42.632],[1.50766,42.63168],[1.50799,42.63154],[1.50976,42.6313],[1.50997,42.63148],[1.50978,42.63171],[1.50909,42.63167],[1.50874,42.63173],[1.50789,42.63222],[1.50784,42.63236],[1.50794,42.63246],[1.50811,42.63249],[1.50865,42.63206],[1.50977,42.63202],[1.5103,42.63181],[1.51064,42.63183]],"crs":null},"properties":{"ref":"CG-3","name":"Carretra general 3","kind":"Carretera general"}},{"type":"Feature","geometry":{"type":"LineString","coordinates":[[1.73747,42.54904],[1.73661,42.54892],[1.73546,42.54852],[1.73479,42.54812],[1.73352,42.54707],[1.73272,42.54658]],"crs":null},"properties":{"ref":"CG-2A","name":"Carretera general 2","kind":"Carretera general"}},{"type":"Feature","geometry":{"type":"LineString","coordinates":[[1.4904,42.47392],[1.49031,42.47343],[1.49039,42.47297],[1.49185,42.47039],[1.49199,42.47001],[1.49202,42.46969]],"crs":null},"properties":{"ref":"CG-1","name":"Túnel de la Tàpia","kind":"Carretera general Tunel"}},{"type":"Feature","geometry":{"type":"LineString","coordinates":[[1.5239,42.51944],[1.52377,42.52014],[1.52333,42.52118],[1.52301,42.52153],[1.52214,42.52214],[1.52191,42.52247],[1.5218,42.52284]],"crs":null},"properties":{"ref":"CG-3","name":"Carretera General 3","kind":"Carretera general"}},{"type":"Feature","geometry":{"type":"LineString","coordinates":[[1.73084,42.54636],[1.73105,42.54619],[1.73107,42.54601],[1.73098,42.54565],[1.73106,42.54514],[1.73143,42.54368],[1.73209,42.54259],[1.73229,42.5424],[1.73269,42.54232],[1.73407,42.54234],[1.73447,42.54252],[1.73548,42.5434]],"crs":null},"properties":{"ref":" ","name":" ","kind":"Xarxa basica"}},{"type":"Feature","geometry":{"type":"LineString","coordinates":[[1.49197,42.46695],[1.49179,42.46655],[1.49162,42.46633],[1.49014,42.46529],[1.48993,42.4651],[1.48982,42.46486],[1.48985,42.46429],[1.49045,42.46206],[1.4904,42.4617],[1.48907,42.45975],[1.48681,42.45712],[1.4865,42.45611],[1.48644,42.45556],[1.48691,42.45442],[1.4871,42.45364],[1.48711,42.45322],[1.4864,42.45144],[1.48621,42.45109],[1.4857,42.4506],[1.48509,42.45013],[1.48299,42.4489],[1.48246,42.44845],[1.48212,42.4478],[1.48212,42.44633],[1.48206,42.44595],[1.48186,42.44523],[1.4817,42.44488],[1.48124,42.44428],[1.47998,42.44321],[1.4795,42.44257],[1.47915,42.44225],[1.47817,42.44164],[1.47777,42.44129],[1.47747,42.44085],[1.47666,42.43928],[1.47626,42.4377],[1.47591,42.43712],[1.47564,42.43681],[1.47534,42.43665],[1.47399,42.43634],[1.47365,42.43618],[1.47275,42.4353]],"crs":null},"properties":{"ref":"CG-1","name":"Carretera General 1","kind":"Carretera general"}},{"type":"Feature","geometry":{"type":"LineString","coordinates":[[1.52361,42.49869],[1.52365,42.49863],[1.52359,42.49846],[1.5226,42.49771],[1.52226,42.49757],[1.52221,42.49748],[1.52273,42.49543]],"crs":null},"properties":{"ref":"CS-102","name":"Carretera de Cal Rosselló","kind":"Carretera secundaria"}},{"type":"Feature","geometry":{"type":"LineString","coordinates":[[1.51951,42.50373],[1.5195,42.50333],[1.52007,42.50291],[1.5202,42.50273],[1.51993,42.50218],[1.51983,42.50149],[1.51974,42.50132],[1.51889,42.50097],[1.51781,42.50102],[1.51765,42.50029],[1.51723,42.49919],[1.5171,42.49901],[1.51675,42.49874],[1.51627,42.49853],[1.51441,42.49812],[1.51309,42.49717],[1.51307,42.49705],[1.51323,42.49703],[1.51384,42.4974],[1.51433,42.4976],[1.51525,42.49784],[1.51646,42.4978],[1.51856,42.498],[1.5188,42.49796],[1.51976,42.49752],[1.52049,42.49728],[1.52115,42.49676],[1.52135,42.49672],[1.52146,42.49679],[1.52149,42.49693],[1.52137,42.49799],[1.5222,42.49793],[1.52259,42.498],[1.52307,42.49828],[1.52381,42.49884],[1.52409,42.49912],[1.52408,42.49929],[1.52396,42.49937],[1.52339,42.49938],[1.52324,42.49943],[1.52321,42.49963],[1.52338,42.4999],[1.52415,42.50058],[1.5259,42.50155],[1.52659,42.50212],[1.52669,42.50208],[1.52669,42.502],[1.52634,42.50167],[1.52623,42.50121],[1.52539,42.50056],[1.52529,42.50037],[1.52543,42.50031],[1.52567,42.50037],[1.52619,42.50082],[1.52733,42.50132],[1.52755,42.50152],[1.52766,42.50176],[1.52784,42.50194],[1.52804,42.5021],[1.52817,42.50211],[1.52825,42.50204],[1.52822,42.50198],[1.5279,42.50174],[1.52805,42.50117],[1.52783,42.50088],[1.52796,42.50078],[1.52865,42.50066],[1.52887,42.50057],[1.52875,42.49979],[1.529,42.49979],[1.52923,42.50006],[1.52989,42.50049],[1.53004,42.50068],[1.53009,42.50088],[1.53024,42.50091],[1.53057,42.50057],[1.5307,42.50036],[1.53069,42.50004],[1.53051,42.49937],[1.53055,42.49921],[1.53069,42.49919],[1.53139,42.50004],[1.53145,42.50029],[1.5314,42.50067],[1.53145,42.50071],[1.53158,42.5007],[1.53186,42.50048],[1.53301,42.50027],[1.53367,42.50051],[1.53419,42.50088],[1.53471,42.50144],[1.53488,42.50167],[1.53484,42.50176],[1.53468,42.50173],[1.53445,42.50144],[1.53401,42.50112],[1.53325,42.50093],[1.53306,42.50094],[1.53301,42.50101],[1.53369,42.50127],[1.53426,42.50203],[1.53427,42.50214],[1.53418,42.50218],[1.5333,42.5017],[1.53317,42.50169],[1.53309,42.50177],[1.53313,42.50184],[1.5334,42.50196],[1.53407,42.50268],[1.53455,42.50273],[1.53759,42.50337],[1.53857,42.50345],[1.53907,42.50393],[1.53963,42.50424],[1.53982,42.50456],[1.54023,42.50501],[1.54064,42.50538],[1.5427,42.50577],[1.5438,42.50609],[1.54496,42.50621],[1.54597,42.50613],[1.54785,42.5054],[1.54896,42.50515],[1.5511,42.50424],[1.55194,42.50405],[1.55224,42.50411]],"crs":null},"properties":{"ref":"CS-101","name":"Carretera de la Comella i de la Plana","kind":"Carretera secundaria"}},{"type":"Feature","geometry":{"type":"LineString","coordinates":[[1.49206,42.48495],[1.49186,42.48492],[1.49152,42.48463],[1.49102,42.4844],[1.49097,42.48423]],"crs":null},"properties":{"ref":"CG-1","name":"Carretera General 1","kind":"Carretera general"}},{"type":"Feature","geometry":{"type":"LineString","coordinates":[[1.52333,42.50781],[1.52292,42.50808],[1.52309,42.50829],[1.52304,42.50836],[1.52245,42.50849],[1.52172,42.50833],[1.52118,42.50787],[1.51901,42.50705],[1.51791,42.50607],[1.51682,42.50585],[1.51599,42.50545],[1.51517,42.50518],[1.51496,42.50496],[1.51482,42.50454],[1.51365,42.50344],[1.51308,42.50271],[1.51139,42.50155],[1.50381,42.49796],[1.49852,42.49536]],"crs":null},"properties":{"ref":" ","name":" ","kind":"Xarxa basica"}},{"type":"Feature","geometry":{"type":"LineString","coordinates":[[1.50074,42.49387],[1.50049,42.49412],[1.49908,42.49423],[1.49895,42.49438],[1.49874,42.49513],[1.49852,42.49536],[1.49815,42.49514],[1.49811,42.49496],[1.49842,42.49406],[1.49842,42.49376],[1.49833,42.49359],[1.49713,42.49266],[1.49523,42.49084],[1.49322,42.48726],[1.49289,42.48665],[1.49241,42.48544],[1.49206,42.48495]],"crs":null},"properties":{"ref":"CG-1A","name":"Carretera General 1A","kind":"Carretera general"}},{"type":"Feature","geometry":{"type":"LineString","coordinates":[[1.53416,42.50653],[1.52809,42.50529],[1.52697,42.50522],[1.52198,42.5046],[1.52136,42.50447],[1.52014,42.50394],[1.51943,42.50371],[1.51876,42.50366],[1.51759,42.50379],[1.51654,42.5037],[1.51627,42.50359],[1.5149,42.5027],[1.51402,42.50234],[1.51385,42.50222],[1.51174,42.49961],[1.51081,42.49837],[1.5105,42.49808],[1.50788,42.49677],[1.50529,42.49526],[1.50495,42.49513],[1.50361,42.49511],[1.50326,42.49501],[1.50061,42.49381],[1.49936,42.49285],[1.49839,42.49239],[1.49666,42.49137],[1.49636,42.49101],[1.49633,42.4903],[1.49624,42.48997],[1.49479,42.48813],[1.49471,42.4878],[1.49477,42.48693],[1.49462,42.48649],[1.49438,42.48612],[1.49386,42.48566],[1.49286,42.48499],[1.49227,42.48476],[1.49208,42.48461],[1.49163,42.48447],[1.49126,42.48415],[1.49097,42.48423],[1.4909,42.484],[1.48992,42.48231],[1.48961,42.48164],[1.48946,42.48109],[1.48934,42.47964],[1.48962,42.47899],[1.49033,42.47783],[1.49061,42.47719],[1.49063,42.47695],[1.49046,42.47658],[1.49063,42.47622],[1.49069,42.47589],[1.49077,42.47465]],"crs":null},"properties":{"ref":"CG-1","name":"Carretera General 1","kind":"Carretera general"}},{"type":"Feature","geometry":{"type":"LineString","coordinates":[[1.49235,42.46663],[1.49254,42.46673],[1.49275,42.4667],[1.49294,42.46682],[1.49357,42.46701],[1.49389,42.4672],[1.495,42.46859],[1.49504,42.4687],[1.49498,42.46891],[1.49458,42.46918],[1.49453,42.46964],[1.49426,42.47009],[1.49439,42.47028],[1.49482,42.47033],[1.49554,42.47015],[1.49578,42.46995],[1.496,42.4696],[1.49605,42.46928],[1.49595,42.46798],[1.49536,42.467],[1.49545,42.46694],[1.49581,42.46731],[1.49634,42.46769],[1.49645,42.4677],[1.49646,42.46762],[1.49604,42.46725],[1.49594,42.46693],[1.49605,42.46684],[1.49613,42.46693],[1.49623,42.4672],[1.49673,42.46747],[1.49716,42.46789],[1.49728,42.46788],[1.49705,42.46748],[1.49707,42.46738],[1.49726,42.46741],[1.49753,42.46765],[1.49761,42.468],[1.49749,42.46843],[1.49757,42.46926],[1.49807,42.4697],[1.49807,42.47018],[1.49826,42.47063],[1.49872,42.47098],[1.4989,42.47127],[1.49901,42.47124],[1.49903,42.47116],[1.49882,42.47032],[1.49879,42.46958],[1.49862,42.46925],[1.49868,42.4692],[1.49884,42.46931],[1.49929,42.46999],[1.49997,42.47035],[1.50068,42.47125],[1.50095,42.47142],[1.50118,42.4714],[1.50126,42.47125],[1.50112,42.47072],[1.50075,42.47016],[1.50074,42.46977],[1.50083,42.46963],[1.50102,42.46962],[1.50121,42.46973],[1.50128,42.47005],[1.50145,42.47016],[1.50204,42.47013],[1.50275,42.47019],[1.50312,42.47035],[1.50339,42.47056],[1.50346,42.4708],[1.50332,42.47116],[1.50339,42.47132],[1.50416,42.47169],[1.50426,42.47183],[1.50393,42.47235],[1.50402,42.4727],[1.50397,42.47279],[1.50298,42.47338],[1.50217,42.47364],[1.50157,42.47411],[1.50131,42.4742],[1.50069,42.47419],[1.50062,42.47427],[1.50069,42.47435],[1.50161,42.47424],[1.50256,42.47386],[1.50322,42.4738],[1.50428,42.47337],[1.50562,42.47327],[1.50583,42.47315],[1.50598,42.47297],[1.50612,42.47211],[1.50619,42.47204],[1.50634,42.47204],[1.5069,42.47221],[1.50785,42.47228],[1.50874,42.47253],[1.5097,42.47233],[1.51007,42.47191],[1.51023,42.4719],[1.5104,42.47199],[1.51043,42.47214],[1.5103,42.47231],[1.50935,42.47294],[1.50818,42.47281],[1.50702,42.47304],[1.50681,42.47327],[1.50668,42.47356],[1.50696,42.47405],[1.50694,42.47419],[1.50677,42.47426],[1.5064,42.47422]],"crs":null},"properties":{"ref":"CS-120","name":"Carretera de Certers","kind":"Carretera secundaria"}},{"type":"Feature","geometry":{"type":"LineString","coordinates":[[1.49197,42.46695],[1.49235,42.46663]],"crs":null},"properties":{"ref":" ","name":" ","kind":"Xarxa basica"}},{"type":"Feature","geometry":{"type":"LineString","coordinates":[[1.53308,42.55548],[1.53349,42.55554],[1.5347,42.55602],[1.53478,42.55619],[1.53468,42.55646]],"crs":null},"properties":{"ref":" ","name":" ","kind":"Xarxa basica"}},{"type":"Feature","geometry":{"type":"LineString","coordinates":[[1.53662,42.51225],[1.53601,42.51151],[1.53549,42.51123],[1.53372,42.50998],[1.53305,42.50974],[1.53226,42.50963],[1.53076,42.50911],[1.52916,42.50824],[1.52824,42.50742],[1.52805,42.50733],[1.5273,42.50726]],"crs":null},"properties":{"ref":" ","name":" ","kind":"Xarxa basica"}},{"type":"Feature","geometry":{"type":"LineString","coordinates":[[1.5239,42.51944],[1.52599,42.51775],[1.52631,42.51756],[1.52768,42.51696],[1.52884,42.51676],[1.52913,42.51666],[1.52978,42.51622],[1.53032,42.51598],[1.53175,42.51488],[1.53223,42.51433],[1.53295,42.51388],[1.53399,42.51364],[1.53571,42.51337],[1.5365,42.51306],[1.53865,42.51263],[1.53894,42.51238],[1.53919,42.51226],[1.53985,42.51219],[1.54066,42.5118],[1.54145,42.51165],[1.54161,42.51157],[1.54177,42.51141],[1.54175,42.51026],[1.54203,42.50953],[1.5421,42.50889],[1.54265,42.50892],[1.54378,42.50914],[1.54456,42.50921],[1.546,42.5097],[1.54629,42.50983],[1.54635,42.50994],[1.54633,42.51054],[1.54651,42.5109],[1.54669,42.51106],[1.54937,42.51177],[1.55,42.51201],[1.55036,42.5123],[1.55051,42.5123],[1.5506,42.51224]],"crs":null},"properties":{"ref":" ","name":" ","kind":"Xarxa basica"}},{"type":"Feature","geometry":{"type":"LineString","coordinates":[[1.53816,42.5156],[1.53758,42.51588],[1.53673,42.51616],[1.5357,42.51643],[1.5347,42.51655],[1.53403,42.51685],[1.53288,42.51708],[1.53194,42.51749],[1.53101,42.51755],[1.53085,42.51748],[1.53085,42.51737],[1.53093,42.51732],[1.53183,42.51715],[1.5319,42.51698],[1.53177,42.5169],[1.52969,42.51748],[1.52866,42.51754],[1.52842,42.51746],[1.52843,42.51737],[1.52854,42.5173],[1.52907,42.51729],[1.52946,42.51719],[1.53088,42.51647],[1.53114,42.51619],[1.53217,42.51547],[1.53282,42.51489],[1.53331,42.51476],[1.53341,42.51463],[1.53335,42.51456],[1.5332,42.51454],[1.53284,42.51462],[1.53202,42.51501],[1.53162,42.5153],[1.53151,42.51532],[1.53131,42.51522]],"crs":null},"properties":{"ref":"CS-300","name":"Carretera dels Vilars","kind":"Carretera secundaria"}},{"type":"Feature","geometry":{"type":"MultiLineString","coordinates":[[[1.53399,42.51364],[1.53418,42.51326],[1.53534,42.51264],[1.53542,42.51253],[1.53544,42.51229],[1.5352,42.51204],[1.534,42.5113],[1.53361,42.5108],[1.53322,42.5105],[1.53111,42.50978],[1.53033,42.50932],[1.52967,42.5091],[1.52921,42.50902],[1.52825,42.50842],[1.52777,42.50787],[1.52745,42.50737],[1.5273,42.50726],[1.52509,42.50708],[1.52181,42.50631]],[[1.5217,42.50626],[1.52041,42.50579],[1.51977,42.50562],[1.51834,42.50538],[1.51835,42.50527],[1.51863,42.50493],[1.51882,42.50441],[1.51926,42.50369]]],"crs":null},"properties":{"ref":" ","name":" ","kind":"Xarxa basica"}},{"type":"Feature","geometry":{"type":"LineString","coordinates":[[1.54828,42.51022],[1.54847,42.50925],[1.54833,42.50842],[1.54836,42.5082],[1.54852,42.50775],[1.5492,42.50666],[1.54936,42.50656],[1.54945,42.50659],[1.54949,42.50668],[1.54923,42.50786],[1.54939,42.50794],[1.54967,42.50764],[1.55058,42.50624],[1.5512,42.50503],[1.55185,42.5047],[1.55227,42.50411],[1.55254,42.50408],[1.5526,42.50423],[1.55206,42.50526],[1.55208,42.50574],[1.55177,42.5068],[1.55169,42.50759],[1.55181,42.50825],[1.55188,42.50833],[1.55242,42.50848],[1.55327,42.50905],[1.55346,42.50932],[1.55358,42.50938],[1.55383,42.50934],[1.55383,42.50913],[1.55356,42.50889],[1.55322,42.50844],[1.55274,42.5081],[1.55269,42.50801],[1.55279,42.5079],[1.55295,42.50792],[1.55369,42.5084],[1.5546,42.50884],[1.55529,42.50879],[1.5559,42.50896],[1.55612,42.5092],[1.55608,42.50972],[1.55661,42.51049],[1.55698,42.51126],[1.55714,42.51131],[1.55731,42.51125],[1.55741,42.51097],[1.55743,42.51077],[1.55733,42.51044],[1.55697,42.51006],[1.55698,42.50999],[1.55713,42.50991],[1.55727,42.50997],[1.55785,42.51055],[1.55835,42.51118],[1.55871,42.51199],[1.55878,42.51256],[1.55896,42.51288],[1.56001,42.51369],[1.56015,42.51364],[1.56013,42.51353],[1.55956,42.51311],[1.55943,42.51289],[1.55964,42.5114],[1.55945,42.51046],[1.55945,42.50994],[1.55929,42.50961],[1.55937,42.50952],[1.55951,42.50951],[1.55961,42.50961],[1.56048,42.51181],[1.56062,42.51207],[1.56074,42.51216],[1.56103,42.51218],[1.56206,42.51195],[1.56232,42.51174],[1.56271,42.51125],[1.56364,42.51117],[1.56417,42.5108],[1.56463,42.51075],[1.56503,42.51085],[1.56513,42.51098],[1.56508,42.51136],[1.56476,42.51171],[1.56472,42.51198],[1.56494,42.51263],[1.56529,42.51314],[1.56514,42.51368],[1.56518,42.51393],[1.56588,42.51485],[1.5663,42.51518],[1.56622,42.5153],[1.56564,42.51522],[1.56485,42.51483],[1.56471,42.51487],[1.56472,42.515],[1.56513,42.51514],[1.5655,42.51543],[1.5661,42.51578],[1.56829,42.51656],[1.56915,42.51703],[1.56996,42.51736],[1.57042,42.51749],[1.57104,42.51752],[1.57111,42.51755],[1.57115,42.5177],[1.57104,42.5178],[1.57089,42.51782],[1.56834,42.51743]],"crs":null},"properties":{"ref":"CS-200","name":"Carretera d'Engolasters","kind":"Carretera secundaria"}},{"type":"Feature","geometry":{"type":"LineString","coordinates":[[1.53416,42.50653],[1.53636,42.50699],[1.5411,42.50779],[1.54351,42.50828],[1.54412,42.50853],[1.54458,42.50857],[1.54502,42.50854],[1.5462,42.50819],[1.54651,42.50816],[1.54709,42.50828],[1.54733,42.5084],[1.54751,42.50854],[1.54764,42.50875],[1.54868,42.51115],[1.5494,42.51146],[1.54965,42.5117],[1.55048,42.51212],[1.55143,42.51303],[1.55231,42.51341],[1.55271,42.51369],[1.55347,42.51453],[1.55374,42.51507],[1.55412,42.51559],[1.55417,42.51606],[1.55392,42.51663],[1.5539,42.51698],[1.55443,42.51752],[1.55613,42.51862],[1.55751,42.52024],[1.55852,42.52119],[1.5597,42.52212],[1.561,42.52282],[1.56164,42.52335],[1.56216,42.52405],[1.56255,42.52444],[1.5629,42.52462],[1.56546,42.52547],[1.56594,42.52568],[1.56777,42.527],[1.5689,42.52756],[1.56941,42.5279]],"crs":null},"properties":{"ref":"CG-2","name":"Carretera General 2","kind":"Carretera general"}},{"type":"Feature","geometry":{"type":"LineString","coordinates":[[1.50477,42.63188],[1.50447,42.63185],[1.50275,42.63126],[1.5018,42.63105],[1.50136,42.63103],[1.50117,42.63113],[1.50106,42.63145],[1.50091,42.63159],[1.50073,42.63166],[1.50026,42.6317],[1.49997,42.63191],[1.49995,42.6321],[1.50023,42.63266],[1.50022,42.63276],[1.50006,42.63279],[1.49979,42.63237],[1.49933,42.63196],[1.49922,42.63178],[1.49914,42.63077],[1.4992,42.63062],[1.49947,42.63042],[1.49971,42.63009],[1.49977,42.62994],[1.49968,42.62977],[1.49946,42.62979],[1.49933,42.63012],[1.49869,42.63055],[1.49843,42.63082],[1.49825,42.63085],[1.49819,42.63081],[1.4982,42.63068],[1.49861,42.6301],[1.49897,42.62925],[1.49885,42.62917],[1.49874,42.6292],[1.49785,42.63025],[1.49762,42.63022],[1.49771,42.62976],[1.49769,42.62878],[1.49789,42.6284],[1.49785,42.6283],[1.49773,42.62826],[1.49757,42.62834],[1.49721,42.62888],[1.49702,42.62941],[1.4971,42.62978],[1.49702,42.62986],[1.49691,42.62986],[1.49674,42.62971],[1.49637,42.62906],[1.49637,42.62831],[1.49626,42.62805],[1.4961,42.62801],[1.49596,42.62806],[1.49575,42.62863],[1.49574,42.62889],[1.496,42.62937],[1.49581,42.62946],[1.49564,42.62933],[1.49496,42.62847],[1.49467,42.62823],[1.49448,42.62782],[1.49426,42.62777],[1.49418,42.62784],[1.49419,42.62797],[1.49487,42.62896],[1.4948,42.62907],[1.49461,42.62904],[1.49448,42.62881],[1.49383,42.62814],[1.49358,42.62776],[1.49344,42.62742],[1.49329,42.62731],[1.49317,42.62735],[1.49313,42.62743],[1.49331,42.62783],[1.49321,42.62835],[1.49325,42.62852],[1.49352,42.62895],[1.49406,42.62944],[1.49551,42.63035],[1.49588,42.63072],[1.49627,42.63128],[1.49629,42.63163],[1.49615,42.632],[1.49607,42.63215],[1.49573,42.63238],[1.49527,42.63251],[1.49306,42.63272],[1.49173,42.63274],[1.49042,42.63299],[1.48969,42.63277],[1.48871,42.63215],[1.48814,42.63191],[1.48672,42.63163],[1.48536,42.63148],[1.48411,42.63119],[1.48347,42.63124],[1.48247,42.63167],[1.48207,42.63174],[1.48152,42.63167],[1.48059,42.63129],[1.4784,42.63128],[1.47793,42.63122],[1.4777,42.63108],[1.4776,42.63075],[1.47774,42.63028],[1.47796,42.63006],[1.47872,42.62979],[1.48024,42.62874],[1.48051,42.62869],[1.48106,42.62875],[1.48117,42.62863],[1.48106,42.62851],[1.4797,42.62829],[1.47906,42.62776],[1.47843,42.62789],[1.47818,42.62785],[1.47818,42.62777],[1.47829,42.62765],[1.47887,42.62742],[1.47909,42.62741],[1.48018,42.62764],[1.48032,42.62754],[1.48027,42.62742],[1.47949,42.62727],[1.47876,42.62688],[1.47798,42.62701],[1.4779,42.62687],[1.47817,42.62666],[1.47847,42.62657],[1.47918,42.62661],[1.4806,42.62688],[1.48075,42.62686],[1.4808,42.62678],[1.48074,42.62666],[1.47996,42.62644],[1.47939,42.62599],[1.47909,42.62422],[1.47905,42.62341],[1.47884,42.62255],[1.47854,42.62173],[1.47804,42.62161]],"crs":null},"properties":{"ref":"CG-3","name":"Carretera general 3","kind":"Carretera general"}},{"type":"Feature","geometry":{"type":"MultiLineString","coordinates":[[[1.57732,42.53453],[1.57581,42.53413],[1.57268,42.53357],[1.57248,42.53368],[1.57213,42.5341],[1.57192,42.53413],[1.57181,42.53407],[1.57172,42.53377],[1.57149,42.53362],[1.57062,42.53343],[1.57015,42.53357],[1.56992,42.53347],[1.56978,42.53324],[1.56981,42.53292],[1.56952,42.53265],[1.56957,42.53223],[1.5694,42.53207],[1.56921,42.53204],[1.56905,42.53211],[1.56867,42.53257],[1.56851,42.53304],[1.56837,42.53308],[1.56827,42.53299],[1.5679,42.53193],[1.56758,42.53155],[1.56712,42.53146],[1.56658,42.53151],[1.56628,42.53159],[1.56532,42.53213],[1.56517,42.53208],[1.56523,42.53177],[1.56508,42.53154],[1.56486,42.53145],[1.56463,42.53148]],[[1.54806,42.5277],[1.54845,42.52739],[1.54859,42.5271],[1.54877,42.52705],[1.54886,42.52714],[1.54865,42.52761],[1.54841,42.52787],[1.54838,42.52813],[1.5488,42.52855],[1.54874,42.52898],[1.54897,42.52951],[1.54908,42.52965],[1.54989,42.53018],[1.55009,42.53055],[1.55025,42.53061],[1.55048,42.53052],[1.55049,42.5304],[1.54981,42.5298],[1.54966,42.52958],[1.54964,42.52914],[1.54997,42.52831],[1.55048,42.52778],[1.55071,42.52771],[1.55126,42.52769],[1.55176,42.52738],[1.55199,42.52738],[1.55207,42.52752],[1.55184,42.52778],[1.55113,42.52822],[1.55103,42.52867],[1.55109,42.529],[1.5513,42.52942],[1.55148,42.5296],[1.55196,42.52986],[1.55235,42.53023],[1.55244,42.53041],[1.55236,42.53091],[1.55247,42.53137],[1.55263,42.53161],[1.55284,42.5318],[1.55361,42.53209],[1.55449,42.53257],[1.55477,42.53299],[1.55498,42.53299],[1.55509,42.53288],[1.55506,42.53263],[1.5548,42.53241],[1.5541,42.53204],[1.55353,42.5315],[1.55342,42.53124],[1.5534,42.53073],[1.55365,42.53018],[1.55364,42.52997],[1.55335,42.52944],[1.55337,42.52935],[1.55353,42.52917],[1.55368,42.52913],[1.55391,42.52918],[1.55409,42.5293],[1.55411,42.52986],[1.55437,42.53037],[1.5545,42.53076],[1.55458,42.53134],[1.55471,42.53154],[1.55498,42.53171],[1.55567,42.53193],[1.5561,42.53223],[1.55626,42.53226],[1.5565,42.53221],[1.55656,42.53198],[1.55608,42.53162],[1.55567,42.53145],[1.55568,42.53132],[1.55585,42.5313],[1.5566,42.5316],[1.55714,42.53153],[1.5571,42.53144],[1.55685,42.53135],[1.55688,42.53124],[1.5573,42.53134],[1.55748,42.53148],[1.55761,42.53148],[1.55767,42.53138],[1.55767,42.53111],[1.55764,42.53092],[1.55753,42.53078],[1.55789,42.53057],[1.55824,42.5302],[1.55846,42.53014],[1.55849,42.53024],[1.5581,42.53086],[1.55844,42.53128],[1.55852,42.53148],[1.55875,42.53296],[1.5591,42.53337],[1.55925,42.53327],[1.55912,42.5327],[1.55954,42.53256],[1.55956,42.53222],[1.56003,42.53236],[1.56033,42.53228],[1.56032,42.5319],[1.56004,42.53173],[1.55994,42.53148],[1.55967,42.53127],[1.55974,42.53117],[1.55984,42.53119],[1.56058,42.53172],[1.56112,42.53172],[1.56139,42.53181],[1.56148,42.5319],[1.56154,42.53218],[1.56154,42.53264],[1.56167,42.53262],[1.56193,42.53222],[1.56195,42.53206],[1.56199,42.53201],[1.56211,42.53205],[1.5621,42.53236],[1.56198,42.53269],[1.56167,42.53311],[1.56141,42.53321],[1.56135,42.53335],[1.56143,42.5334],[1.56165,42.53333],[1.56245,42.5328],[1.56319,42.53246],[1.56329,42.53207],[1.56287,42.53145],[1.56262,42.5313],[1.56264,42.5312],[1.56296,42.53128],[1.56418,42.53198],[1.56423,42.5321],[1.56399,42.5324],[1.56405,42.53251],[1.56415,42.53249],[1.56425,42.53229],[1.56461,42.53215],[1.56457,42.53159],[1.56463,42.53148]]],"crs":null},"properties":{"ref":"CS-210","name":"Carretera de Vila i de Beixalís","kind":"Carretera secundaria"}},{"type":"Feature","geometry":{"type":"LineString","coordinates":[[1.5203,42.50754],[1.52058,42.50748],[1.52245,42.50761]],"crs":null},"properties":{"ref":" ","name":" ","kind":"Xarxa basica"}},{"type":"Feature","geometry":{"type":"LineString","coordinates":[[1.5203,42.50754],[1.52058,42.50748],[1.52245,42.50761]],"crs":null},"properties":{"ref":" ","name":" ","kind":"Xarxa basica"}},{"type":"Feature","geometry":{"type":"LineString","coordinates":[[1.53876,42.50818],[1.53876,42.51013],[1.53931,42.51018],[1.53962,42.51009],[1.54006,42.50984],[1.54021,42.50962],[1.54075,42.50933]],"crs":null},"properties":{"ref":" ","name":" ","kind":"Xarxa basica"}},{"type":"Feature","geometry":{"type":"LineString","coordinates":[[1.5221,42.50462],[1.52163,42.50667],[1.52243,42.50707],[1.52245,42.50761],[1.52335,42.50782],[1.52421,42.50778],[1.5263,42.50833],[1.52748,42.5084],[1.52869,42.50893],[1.52899,42.50889],[1.53039,42.5083],[1.5307,42.50825],[1.53111,42.50824],[1.53408,42.50849]],"crs":null},"properties":{"ref":" ","name":" ","kind":"Xarxa basica"}},{"type":"Feature","geometry":{"type":"LineString","coordinates":[[1.53419,42.50717],[1.53484,42.50753],[1.5355,42.50774],[1.53706,42.50786],[1.53779,42.50814],[1.53899,42.50821],[1.54,42.50838],[1.54095,42.50829],[1.54086,42.50871],[1.5421,42.50889]],"crs":null},"properties":{"ref":" ","name":" ","kind":"Xarxa basica"}},{"type":"Feature","geometry":{"type":"LineString","coordinates":[[1.53372,42.50998],[1.5341,42.50987],[1.53456,42.50987],[1.53876,42.51013],[1.53944,42.5108],[1.53965,42.51116]],"crs":null},"properties":{"ref":" ","name":" ","kind":"Xarxa basica"}},{"type":"Feature","geometry":{"type":"LineString","coordinates":[[1.54119,42.51064],[1.54126,42.51078],[1.54122,42.51098],[1.54061,42.51152],[1.54058,42.51163],[1.54063,42.51181]],"crs":null},"properties":{"ref":" ","name":" ","kind":"Xarxa basica"}},{"type":"Feature","geometry":{"type":"LineString","coordinates":[[1.4931,42.47041],[1.49323,42.47012],[1.49328,42.46824],[1.49219,42.46637],[1.49118,42.46525],[1.49099,42.46492],[1.49079,42.46388],[1.49113,42.46275],[1.49101,42.4624],[1.4904,42.4617]],"crs":null},"properties":{"ref":" ","name":" ","kind":"Xarxa basica"}},{"type":"Feature","geometry":{"type":"LineString","coordinates":[[1.44989,42.45934],[1.4477,42.4591],[1.44741,42.45902],[1.44734,42.4589],[1.44743,42.45885],[1.44838,42.45882],[1.44931,42.45861],[1.4502,42.45829],[1.45103,42.45814],[1.45168,42.45809],[1.45046,42.45793],[1.44921,42.45791],[1.44821,42.45778],[1.44698,42.45738],[1.44645,42.45698],[1.44602,42.45639],[1.4457,42.45616],[1.44509,42.45585],[1.44497,42.45522],[1.44442,42.45457],[1.44442,42.45447],[1.44458,42.45444],[1.44551,42.45489],[1.44581,42.45525],[1.44591,42.45548],[1.44686,42.45563],[1.44708,42.45573],[1.44734,42.45597],[1.44786,42.45617],[1.44873,42.45632],[1.44939,42.4561],[1.45065,42.45593],[1.45152,42.45594],[1.45152,42.45587],[1.4511,42.45555],[1.45105,42.45511],[1.45085,42.45488],[1.45045,42.45481],[1.44941,42.45484],[1.44934,42.45462],[1.44905,42.45445],[1.44887,42.45424],[1.44823,42.45412],[1.44817,42.45406],[1.44822,42.45395],[1.44836,42.45387],[1.44899,42.45367],[1.44982,42.45354],[1.4508,42.45314],[1.45096,42.45301],[1.451,42.45284],[1.45079,42.45219],[1.44985,42.45163],[1.44978,42.45151],[1.45035,42.45149],[1.45148,42.45157],[1.4521,42.45168],[1.45458,42.45103],[1.45702,42.45058],[1.45752,42.45039],[1.45827,42.44988],[1.45911,42.44862],[1.45928,42.44808],[1.45932,42.44753],[1.45896,42.44685],[1.45895,42.44664],[1.45915,42.44633],[1.45969,42.44603],[1.45993,42.44597],[1.46031,42.44603],[1.46117,42.44592],[1.46277,42.44678],[1.46333,42.447],[1.46412,42.44717],[1.46545,42.44729],[1.46563,42.44713],[1.46574,42.44682],[1.46592,42.44679],[1.46641,42.44743],[1.46677,42.44775],[1.46736,42.44803],[1.46861,42.44842],[1.46904,42.44896],[1.46944,42.44923],[1.46963,42.44951],[1.46991,42.44954],[1.47037,42.44936],[1.47044,42.44941],[1.4704,42.4497],[1.47092,42.4497],[1.47144,42.44982],[1.47157,42.4499],[1.47153,42.44999],[1.47068,42.45028],[1.46988,42.45071],[1.46879,42.45103],[1.46754,42.45119],[1.46634,42.45119],[1.46583,42.45126],[1.46454,42.45199],[1.46325,42.45182],[1.46265,42.45186],[1.46251,42.45196],[1.46259,42.4521],[1.46328,42.45226],[1.46348,42.45243]],"crs":null},"properties":{"ref":"CS-142","name":"Carretera de la Collada de la Gallina","kind":"Carretera secundaria"}},{"type":"Feature","geometry":{"type":"LineString","coordinates":[[1.48976,42.46079],[1.48962,42.46118],[1.48956,42.46163],[1.48936,42.46229],[1.48931,42.46283],[1.48942,42.46414],[1.48966,42.46435],[1.4898,42.4646]],"crs":null},"properties":{"ref":"CG-1","name":"Carretera general 1","kind":"Carretera general"}}],"metadata":{"generatedAt":"2026-10-06T09:53:43.007Z","source":"govern-sig","attribution":"Base topogràfica cedida pel Govern d’Andorra"}}